id,name,code,institutionCode,campusCode,libraryCode,discoveryDisplayName,isActive,primaryServicePointCode,servicePointCodes,description,details.stackmapBaseUrl,details.pageAeonSite,details.pageMediationGroupKey,details.pageServicePointCodes,details.discoveryDisplayUrl,details.scanServicePointCode,details.availabilityClass,details.searchworksTreatTemporaryLocationAsPermanentLocation,details.searchworksGovDocsClassification,details.scanMaterialTypeNames,details.scanPseudopatronBarcode,details.holdingsTypeName,details.pagingSchedule
001b3092-b2ed-44a1-8057-a99d3dcecedc,East Asia Reference,EAL-REF,SU,SUL,EAST-ASIA,Reference,true,EAST-ASIA,EAST-ASIA,,https://stanford.stackmap.com/json/,,,,,,,,,,,,
0047160a-acae-4c9d-bfbd-f4f738c2fa3c,Earth Sci Shelved Elsewhere,EAR-SEE-OTHER,SU,SUL,EARTH-SCI,See linked record to request items bound together,true,EARTH-SCI,EARTH-SCI,,,,,,,,,,,,,,
006e0b2c-0066-448b-bfac-ce3bfeacca69,Law Permanent Reserve,LAW-PERMRES,SU,LAW,LAW,Permanent reserve: Ask at circulation desk,true,LAW,LAW,,,,,,,,,,,,,,
008ba3b9-5737-4c49-9f49-a52e5f1b0e21,Green Circ Desk,GRE-ATCIRCDESK,SU,SUL,GREEN,Ask at circulation desk,true,GREEN-LOAN,GREEN-LOAN,,https://stanford.stackmap.com/json/,,,,,,,,,,,,
00ae4182-8c62-47d7-a27a-1b23fc931d77,Music Stacks,MUS-STACKS,SU,SUL,MUSIC,Stacks,true,MUSIC,MUSIC,,,,,,,,,,,,,,
010c04f8-d204-49ce-8192-5d0bcbc0a5c1,Rumsey W7 Case HM,RUM-W7-CASE-HM,SU,SUL,RUMSEY-MAP,Map Center (W7 historic map case),true,RUMSEY-MAP,RUMSEY-MAP,,,RUMSEY,,,,,,,,,,,
01a4f6dc-7625-4715-b4f2-97dfe0325a60,Art Reference Folios,ART-REF-FOLIO,SU,SUL,ART,Reference: Oversize,true,ART,ART,,https://stanford.stackmap.com/json/,,,,,,,,,,,,
01e91968-2e52-4733-bbcc-b4641560411d,Art Locked Stacks Small,ART-LOCKED-SMALL,SU,SUL,ART,Locked stacks (Small),true,ART,ART,,,,ART,ART,,,,,,,,,
0254a167-75af-4170-8bff-6b3fd6220e6c,Spec Law,SPEC-LAW,SU,SUL,SPEC-COLL,Law Collection,true,SPEC,SPEC,,,SPECUA,,,,,,,,,,,
02844385-781a-4b71-87d7-64641c87b6e1,Lane Spec: Periodicals,LANE-PSPEC,SU,MED,LANE,Medical History Center: By appointment only.,true,LANE-DESK,LANE-DESK,,,,,,https://lane.stanford.edu/med-history/contact.html,,,,,,,,
028aed16-e8ee-454d-b927-976fea5cd1cb,SAL Stacks,SAL-STACKS,SU,SUL,SAL,Stacks,true,SAL,SAL,,,,,,,GREEN,Offsite,,,,,,
0300cf11-85e0-45fa-9a69-f51bab7d1fcf,Art Maintenance Shelf Locked,ART-PROCESSING-LOCKED,SU,SUL,ART,In process,true,ART,ART,,,,,,,,In_process,,,,,,
03164a4b-a047-40b0-a4fb-682980524697,Marine Bio Expeditions,MAR-EXPEDITIONS,SU,SUL,MARINE-BIO,Locked stacks: Expedition,true,MARINE-BIO,MARINE-BIO,,,,,,,,,,,,,,
0373d725-4d67-4006-ad48-77c4c6095ba6,Earth Sci Reserves,EAR-CRES,SU,SUL,EARTH-SCI,On reserve: Ask at Earth Sciences circulation desk,true,EARTH-SCI,EARTH-SCI,,,,,,,,,true,,,,,
038bc3d8-585a-4bb8-9e3a-8f665e0bae62,Law Cookbooks,LAW-COOKBOOK,SU,LAW,LAW,Cookbooks,true,LAW,LAW,,,,,,,,,,,,,,
03981767-bad4-426c-b052-accc61daeb22,Green Withdrawn,GRE-WITHDRAWN,SU,SUL,GREEN,Ask at circulation desk,true,GREEN-LOAN,GREEN-LOAN,,,,,,,,,,,,,,
0440cbd8-9bb6-4d01-9852-4ba0f76097cc,ARS Special Projects,ARS-SPECIALPROJECTS,SU,SUL,ARS,In process,true,ARS,ARS,,,,,ARS,,,In_process,,,,,,
045ee992-0f9e-4079-88b6-1dc77f36e19a,Lane Spec: AV,LANE-SPAV,SU,MED,LANE,Medical History Center: By appointment only.,true,LANE-DESK,LANE-DESK,,,,,,https://lane.stanford.edu/med-history/contact.html,,,,,,,,
04c54d2f-0e14-42ab-97a6-27fc7f4d0610,ARS Stacks,ARS-STACKS,SU,SUL,ARS,Stacks,true,ARS,ARS,,,,,ARS,,,,,,,,,
059c5d69-c850-4301-a91b-caeef2bc59b4,Earth Sci Storage Maps,EAR-STOR-MAPS,SU,SUL,EARTH-SCI,Map storage: Ask at circulation desk,true,EARTH-SCI,EARTH-SCI,,,,,,,,,,,,,,
05c3ba7e-81ac-4ed7-93ad-e9fab5f3ac32,Media Microfiche Math,MEDIA-MATHCAB,SU,SUL,MEDIA-CENTER,Microfiche collection,true,MEDIA-CENTER,MEDIA-CENTER,,https://stanford.stackmap.com/json/,,,,,,,,,,,,
06e128e7-2970-47d1-8dfa-fcd651803e1a,Earth Sci Map Cases,EAR-MAP-CASES,SU,SUL,EARTH-SCI,Map cases,true,EARTH-SCI,EARTH-SCI,,,,,,,,,,,,,,
08601677-5d55-459d-a499-b06114c940c2,SUL Borrow Direct,SUL-BORROW-DIRECT,SU,SUL,SUL,Borrow Direct,true,GREEN-LOAN,GREEN-LOAN,,,,,,,,,,,,,,
087e1422-1146-411a-880a-fa4839e22b55,Earth Sci Display - Circ,EAR-DISPLAY-CIRC,SU,SUL,EARTH-SCI,Display shelves: Circulation desk,true,EARTH-SCI,EARTH-SCI,,,,,,,,,,,,,,
08e54eef-c972-400e-924f-935c9f2a06ce,Spec U-Arch Reference,SPEC-UARCH-REF,SU,SUL,SPEC-COLL,University Archives Reference,true,SPEC,SPEC,,,SPECUA,,,,,,,,,,,
0902cbec-8afd-4307-948c-4995a48e160a,Spec Stacks,SPEC-STACKS,SU,SUL,SPEC-COLL,Stacks,true,SPEC,SPEC,,,SPECUA,,,,,,,,,,,
09bf0882-7c7c-4838-b27c-c2f4ab834016,Earth Sci Map Files,EAR-MAP-FILES,SU,SUL,EARTH-SCI,Map files,true,EARTH-SCI,EARTH-SCI,,,,,,,,,,,,,,
09c76b3a-71c5-4123-8053-b694239bf125,Lane Per: Newspapers,LANE-NEWS,SU,MED,LANE,Newspapers rack on first floor,true,LANE-DESK,LANE-DESK,,,,,,,,,,,,,,
0a28181f-e7b1-42f3-93a9-36c12ab4522f,SUL TS CC Kasemake,SUL-TS-CC-KASEMAKE,SU,SUL,SUL,In process,true,SULCC,SULCC,,,,,,,,In_process,,,,,,
0a72c06d-00ae-4249-8354-261cd2cb9ee7,Music Reference,MUS-REF,SU,SUL,MUSIC,Reference,true,MUSIC,MUSIC,,,,,,,,,,,,,,
0b6a8d36-2c4f-4fef-b894-d56c25e94ca0,Lane Spec: Mini,LANE-MINI,SU,MED,LANE,Medical History Center: By appointment only.,true,LANE-DESK,LANE-DESK,,,,,,https://lane.stanford.edu/med-history/contact.html,,,,,,,,
0ba00ec1-d86a-4360-a23e-dfd31182d36d,East Asia Folios Chinese,EAL-FOLIO-CHINESE,SU,SUL,EAST-ASIA,Chinese folios,true,EAST-ASIA,EAST-ASIA,,,,,,,,,,,,,,
0beebb31-c3fd-46e5-a12f-462cc7bbead3,SAL3 PAGE-ES,SAL3-PAGE-ES,SU,SUL,SAL3,For use in Branner Library,true,SAL3,SAL3,,,,,EARTH-SCI,,,Offsite,,,,,,
0c1a1c3a-e5f3-45c6-83fb-39c959d87209,Green SSRC Docs,GRE-SSRC-DOCS,SU,SUL,GREEN,Jonsson Social Sciences Reading Room: Atrium,true,GREEN-LOAN,GREEN-LOAN,,https://stanford.stackmap.com/json/,,,,,,,,Federal,,,,
0c2fe8d1-6d33-4f97-b4b4-118c5daff3a3,Eng Stacks Noncirculating,ENG-STK-NONCIRC,SU,SUL,ENG,Stacks,true,ENG,ENG,,,,,,,,,,,,,,
0c5e70d6-9c2b-45f9-b977-1c0a45795eb6,Tanner New Books,TAN-NEWBOOK,SU,SUL,TANNER,New books,true,TANNER,TANNER,,,,,,,,,,,,,,
0d9beb46-dc13-47ed-b11f-e3abd99ac7e5,SAL3 HY Page to East-Asia,SAL3-HY-PAGE-EA,SU,SUL,SAL3,Harvard-Yenching collection: Request for pickup at East Asia Library,true,SAL3,SAL3,,,,,EAST-ASIA,,EAST-ASIA,Offsite,,,"book,periodical",EAL-SCANREVIEW,,
0dcd4d7d-784e-4b49-90e2-b5f98bb3b69d,Lane Digital: Collection,LANE-ECOLL,SU,MED,LANE,Digital: Collection,true,LANE-DESK,LANE-DESK,,,,,,,,,,,,,Electronic,
0de5278f-1ef9-4341-aa7c-3e04f643777d,Marine Bio Maps,MAR-MAPS,SU,SUL,MARINE-BIO,Map cases,true,MARINE-BIO,MARINE-BIO,,,,,,,,,,,,,,
0e4c10cd-c2a0-45d5-a6cc-f94d75fc2f17,Spec PAGE-FC,SPEC-PAGE-FC,SU,SUL,SPEC-COLL,Facsimile collection,true,SPEC,SPEC,,,SPECUA,,,,,,,,,,,
0edeef57-074a-4f07-aee2-9f09d55e65c3,Law Basement,LAW-BASEMENT,SU,LAW,LAW,Basement,true,LAW,LAW,,,,,,,,,,,,,,
0f3ba658-6f33-4269-a023-e6e95b0306f1,Earth Sci Theses,EAR-THESES,SU,SUL,EARTH-SCI,Theses,true,EARTH-SCI,EARTH-SCI,,,,,,,,,,,,,,
0f9ceeb7-9dbe-4be8-9b99-6796fe10acf7,Spec MSS 20,SPEC-MSS-20,SU,SUL,SPEC-COLL,Manuscript Collection,true,SPEC,SPEC,,,SPECUA,,,,,,,,,,,
103c1ddd-5a11-49e3-b0c0-aee4909b1db3,Green Repair Eval Shelf,GRE-REPAIR-EVALUATION,SU,SUL,GREEN,In process,true,GREEN-LOAN,GREEN-LOAN,,,,,,,,,,,,,,
1146c4fa-5798-40e1-9b8e-92ee4c9f2ee2,SAL3 Stacks,SAL3-STACKS,SU,SUL,SAL3,Stacks,true,SAL3,SAL3,,,,,,,SAL3,Offsite,,,,,,
115bddea-d154-4fe4-8f92-4a172bd41b91,Spec Sal Taube,SPEC-SAL-TAUBE,SU,SUL,SPEC-COLL,Taube Collection,true,SPEC,SPEC,,,,,,,,,,,,,,
11941fdf-26e7-4413-9b63-483fd555c378,Business PAGE-BU,BUS-PAGE-BU,SU,GSB,BUSINESS,Ask at i-Desk,true,BUS-IDESK,BUS-IDESK,,,,,BUS-IDESK,,,,,,,,,
123d9cba-85a8-42e0-b130-c82e504c64d6,Art Circ Desk,ART-ATCIRCDESK,SU,SUL,ART,Ask at circulation desk,true,ART,ART,,https://stanford.stackmap.com/json/,,,,,,,,,,,,
12ccfee2-4676-4a82-add3-885defed6440,Lane Spec: Theses,LANE-RTHSS,SU,MED,LANE,Medical History Center: By appointment only.,true,LANE-DESK,LANE-DESK,,,,,,https://lane.stanford.edu/med-history/contact.html,,,,,,,,
1345aaab-bb28-42b0-b6ad-a8981fe806e6,SAL HY Page to East-Asia,SAL-HY-PAGE-EA,SU,SUL,SAL,Harvard-Yenching collection: Request for pickup at East Asia Library,true,SAL,SAL,,,,,EAST-ASIA,,EAST-ASIA,Offsite,,,"book,periodical",EAL-SCANREVIEW,,
134d4758-f07d-4ba7-98b3-cacbe2e29652,Business SAL3 PAGE-BU,BUS-SAL3-PAGE-BU,SU,GSB,BUSINESS,Request for pickup at Business Library,true,SAL3,SAL3,,,,,BUS-IDESK,,,Offsite,,,,,,SAL3
13c2ee3e-5d88-453e-bb64-890e2936bebf,Earth Sci Stacks,EAR-STACKS,SU,SUL,EARTH-SCI,Stacks,true,EARTH-SCI,EARTH-SCI,,,,,,,,,,,,,,
13d50f50-8dee-4dfd-82fb-7da97f67d779,Spec Newton,SPEC-NEWTON,SU,SUL,SPEC-COLL,Newton Collection,true,SPEC,SPEC,,,SPECUA,,,,,,,,,,,
148e598c-bb58-4e6d-b313-4933e6a4534c,Business Instructor,BUS-INSTRUCTOR,SU,GSB,BUSINESS,On reserve: Ask at i-Desk,true,BUS-IDESK,BUS-IDESK,,,,,,,,,,,,,,
14f81e2e-e4fe-4455-a0df-fb26ee5c723e,Lane Digital: Image,LANE-IMAGE,SU,MED,LANE,Digital: Image,true,LANE-DESK,LANE-DESK,,,,,,,,,,,,,Electronic,
150b8273-b10b-4907-b43f-a3d4f89bc79f,Spec SAL3 U-Archives,SPEC-SAL3-U-ARCHIVES,SU,SUL,SPEC-COLL,University Archives,true,SAL3,SAL3,,,SPECUA,,,,,,,,,,,
1564e5df-d1a6-41b7-bd6a-f150c3f8b9bf,Lane Spec: Storage,LANE-STRG,SU,MED,LANE,Medical History Center: By appointment only.,true,LANE-DESK,LANE-DESK,,,,,,https://lane.stanford.edu/med-history/contact.html,,,,,,,,
156a50fe-b288-447f-82c4-618ba8e4565a,Lane Spec: Old Class,LANE-SPOLD,SU,MED,LANE,Medical History Center: By appointment only.,true,LANE-DESK,LANE-DESK,,,,,,https://lane.stanford.edu/med-history/contact.html,,,,,,,,
158168a3-ede4-4cc1-8c98-61f4feeb22ea,SAL3 Shelved Elsewhere,SAL3-SEE-OTHER,SU,SUL,SAL3,See linked record to request items bound together,true,SAL3,SAL3,,,,,,,,,,,,,,
17e1aae1-9b25-4e37-ac2f-34316628bc8e,Green LL Newspapers,GRE-LL-NEWSPAPERS,SU,SUL,GREEN,Lower Level: Newspapers,true,GREEN-LOAN,GREEN-LOAN,,https://stanford.stackmap.com/json/,,,,,,,,,,,,
18464b12-20ad-420b-bdf5-43d78d1d1470,Music Permanent Reserve,MUS-PERMRES,SU,SUL,MUSIC,Permanent reserve: Ask at circulation desk,true,MUSIC,MUSIC,,,,,,,,,,,,,,
18a321cc-a47b-4aca-9159-a782d58f85f9,SAL3 PAGE-FC,SAL3-PAGE-FC,SU,SUL,SAL3,"For use in Art & Architecture Library, Music Library or Special Collections",true,SAL3,SAL3,,,,,"ART,MUSIC,SPEC",,,Offsite,,,,,,
18bf3c41-aec3-442d-aa8a-5f8079682616,Green HAS Ready Reference,GRE-HAS-READYREF,SU,SUL,GREEN,Lane Reading Room: Reference,true,GREEN-LOAN,GREEN-LOAN,,https://stanford.stackmap.com/json/,,,,,,,,,,,,
18e5ca74-f919-426d-bd84-6118ee344e40,Eng Withdrawn Digital Substitute,ENG-WD-DIGITAL-SUB,SU,SUL,ENG,Digital substitute,true,ENG,ENG,,,,,,,,,,,,,,
198f1e45-948d-4d30-9437-f93240beb659,Art Reserves,ART-CRES,SU,SUL,ART,On reserve: Ask at Art circulation desk ,true,ART,ART,,https://stanford.stackmap.com/json/,,,,,,,true,,,,,
1a2856e5-fe97-4731-974e-951d778c41a0,Green Current Periodicals,GRE-CURRENTPER,SU,SUL,GREEN,Current periodicals,true,GREEN-LOAN,GREEN-LOAN,,https://stanford.stackmap.com/json/,,,,,,,,,,,,
1a6a6a2c-ecf3-460e-bce1-588efa4cfd35,East Asia Reserves,EAL-CRES,SU,SUL,EAST-ASIA,On reserve: Ask at East Asia circulation desk,true,EAST-ASIA,EAST-ASIA,,https://stanford.stackmap.com/json/,,,,,,,true,,,,,
1ab2a2be-ccb5-43db-b711-9f1ff3025383,Education Withdrawn Digital Substitute,EDU-WD-DIGITAL-SUB,SU,SUL,EDUCATION,Digital substitute,true,EDUCATION,EDUCATION,,,,,,,,,,,,,,
1af5b924-b048-4e13-b556-c6cf7f7e9cb0,Education Historical Curriculum,EDU-CURRSTOR,SU,SUL,EDUCATION,Historical Curriculum,true,EDUCATION,EDUCATION,,,,,,,,,,,,,,
1af90de1-a5c0-4c46-bab1-2847d041f997,Green Bender Room,GRE-BENDER,SU,SUL,GREEN,Bender room,true,GREEN-LOAN,GREEN-LOAN,,https://stanford.stackmap.com/json/,,,,,,,,,,,,
1b14e21c-8d47-45c7-bc49-456a0086422b,SUL SDR,SUL-SDR,SU,SUL,SUL,Stanford Digital Repository,true,Online,Online,,,,,,,,,,,,,,
1b3fb003-3ca4-4734-9887-169cb5c7bb04,Green Hohbach Exhibits,GRE-HH-EXHIBIT,SU,SUL,GREEN,Hohbach Hall: Exhibits,true,GREEN-LOAN,GREEN-LOAN,,https://stanford.stackmap.com/json/,,,,,,,,,,,,
1b5e9078-cc98-4908-8935-b9928750affd,Law Staff Shadow,LAW-STAFFSHADOW,SU,LAW,LAW,Ask at circulation desk,true,LAW,LAW,,,,,,,,,,,,,,
1b685cda-b6e7-4ea5-8cad-f4e7aaada701,Science Stacks,SCI-STACKS,SU,SUL,SCIENCE,Stacks,true,SCIENCE,SCIENCE,,,,,,,,,,,,,,
1bad78dc-2688-436f-9bac-cf8c633d8707,HILA Cataloging Backlog,HILA-CAT-BACKLOG,SU,HOOVER,HILA,In process: Cataloging backlog,true,HILA,HILA,,,,,,,,,,,,,,
1c10041e-a401-43e2-88b1-916689bedf19,SAL migration error,SAL-MIGRATE-ERR,SU,SUL,SAL,Error during migration,true,SAL,SAL,,,,,,,GREEN,Offsite,,,,,,
1c124c92-b4fc-4d49-a5ae-69e71de2eb1e,Law Manning,LAW-MANNING,SU,LAW,LAW,Manning collection,true,LAW,LAW,,,,,,,,,,,,,,
1daf9ff9-a60c-402f-8498-41189ac51096,SAL South Mezzanine,SAL-SOUTH-MEZZ,SU,SUL,SAL,Stacks,true,SAL,SAL,,,,,,,GREEN,Offsite,,,,,,
1de1c838-7fc7-43f8-bebc-977dd1d8180b,Music Tech Services Shadow,MUS-TECHSHADOW,SU,SUL,MUSIC,Ask at circulation desk,true,MUSIC,MUSIC,,,,,,,,,,,,,,
1df525dc-b705-4b3a-bac1-c8091bc2ec52,Tanner Folios,TAN-FOLIO,SU,SUL,TANNER,Folios,true,TANNER,TANNER,,,,,,,,,,,,,,
1ef5e49c-8b3c-4c64-9ba7-468bc4113ac5,Education Maintenance Shelf,EDU-PROCESSING,SU,SUL,EDUCATION,In process,true,EDUCATION,EDUCATION,,,,,,,,,,,,,,
1f0e3f18-99d4-4400-95a1-0f55d092f201,Earth Sci Scanning Lab,EAR-SCANLAB,SU,SUL,EARTH-SCI,In process,true,EARTH-SCI,EARTH-SCI,,,,,,,,In_process,,,,,,
1f3a8d48-2de3-432d-923e-76eb93de9ffc,Spec SAL3 Rare Books,SPEC-SAL3-RBC,SU,SUL,SPEC-COLL,Rare Books Collection,true,SAL3,SAL3,,,SPECUA,,,,,,,,,,,
203157ff-56bc-4d5d-9f68-3410d9ac40e9,Earth Sci Ready Ref,EAR-READY-REF,SU,SUL,EARTH-SCI,Reference,true,EARTH-SCI,EARTH-SCI,,,,,,,,,,,,,,
2034f7e2-9dfe-4920-87d2-92d455bd5533,Rumsey migration erorr,RUM-MIGRATE-ERR,SU,SUL,RUMSEY-MAP,Error during migration,true,RUMSEY-MAP,RUMSEY-MAP,,,RUMSEY,,,,,,,,,,,
203882d5-acd0-40b6-bc73-1cf8d64832cb,Green Federal Docs,GRE-FED-DOCS,SU,SUL,GREEN,US Federal Documents,true,GREEN-LOAN,GREEN-LOAN,,https://stanford.stackmap.com/json/,,,,,,,,Federal,,,,
2065af65-904d-41bb-8db8-35bff753cf64,Spec Inprocess RWC,SPEC-INPROCESS-RWC,SU,SUL,SPEC-COLL,In process,true,SPEC,SPEC,,,,,,,,In_process,,,,,,
20981666-b567-4124-b18e-f4713823e51f,Music Inprocess,MUS-INPROCESS,SU,SUL,MUSIC,In process,true,MUSICTS,MUSICTS,,,,,,,,In_process,,,,,,
20a17444-e2c4-449c-9e18-72cb903ccc08,Music Instructor,MUS-INSTRUCTOR,SU,SUL,MUSIC,On reserve: Ask at circulation desk,true,MUSIC,MUSIC,,,,,,,,,,,,,,
215204ef-7cce-4de5-b9b0-545c99d80d7a,SUL Acquisitions,SUL-ACQUISITIONS,SU,SUL,SUL,In process,true,SULTS,SULTS,,,,,,,,In_process,,,,,,
21885937-53af-4940-83df-7e7e5c385ef9,Law Media,LAW-MEDIA,SU,LAW,LAW,Media,true,LAW,LAW,,,,,,,,,,,,,,
21b7083b-1013-440e-8e62-64169824dcb8,Green SSRC CSLI,GRE-SSRC-CSLI,SU,SUL,GREEN,Jonsson Social Sciences Reading Room: CSLI publications,true,GREEN-LOAN,GREEN-LOAN,,https://stanford.stackmap.com/json/,,,,,,,,,,,,
21c8748f-6a84-417e-b61f-18ee7171a10e,Art Shelved Elsewhere,ART-SEE-OTHER,SU,SUL,ART,See linked record to request items bound together,true,ART,ART,,,,,,,,,,,,,,
221108de-614f-4c61-811c-b690a7d806cd,SAL Folios,SAL-FOLIO,SU,SUL,SAL,Folios,true,SAL,SAL,,,,,,,GREEN,Offsite,,,,,,
229d1dee-b10a-4e34-8c37-fc762c7979c8,Lane Ref: Retired,LANE-RREF,SU,MED,LANE,Retired Reference (Downstairs),true,LANE-DESK,LANE-DESK,,,,,,,,,,,,,,
22f586cf-1bfc-4ba7-9990-47a40f2c3ecc,Lane In Repair,LANE-REPAIR,SU,MED,LANE,In repair,true,LANE-DESK,LANE-DESK,,,,,,,,,,,,,,
23278c12-5e77-4f13-8e4f-3609c3ca7abd,Law Instructor,LAW-INSTRUCTOR,SU,LAW,LAW,On reserve: Teaming room,true,LAW,LAW,,,,,,,,,,,,,,
2380b032-7624-4674-8580-6ea7f89ea519,SAL Temp,SAL-TEMP,SU,SUL,SAL,Stacks,true,SAL,SAL,,,,,,,GREEN,Offsite,,,,,,
2504ac9b-b034-42c7-b3fd-267a1cb3e61f,Rumsey W7 Box Large,RUM-W7-BOX-LG,SU,SUL,RUMSEY-MAP,Map Center (W7 large box),true,RUMSEY-MAP,RUMSEY-MAP,,,RUMSEY,,,,,,,,,,,
25b19d0e-ac10-44cf-a5be-d7c15b209200,Marine Bio Withdrawn Digital Substitute,MAR-WD-DIGITAL-SUB,SU,SUL,MARINE-BIO,Digital substitute,true,MARINE-BIO,MARINE-BIO,,,,,,,,,,,,,,
2636a2b1-e60c-4a7d-889a-8bfd61ecec26,Education Locked Stacks,EDU-LOCKED,SU,SUL,EDUCATION,Locked stacks,true,EDUCATION,EDUCATION,,,,EDUCATION,SPEC,,,,,,,,,
266cc9fd-f444-4b6b-9a7f-6424de7ba224,Science Popular Science,SCI-POPSCI,SU,SUL,SCIENCE,Popular science,true,SCIENCE,SCIENCE,,,,,,,,,,,,,,
2680e0fa-90a9-4a38-9042-ad4e7673c94c,Science Reserves,SCI-CRES,SU,SUL,SCIENCE,On reserve: Ask at Science circulation desk,true,SCIENCE,SCIENCE,,,,,,,,,true,,,,,
26836d26-5046-473b-96d6-861b660d7938,Law - Display,LAW - DISPLAY,SU,LAW,LAW,Law - Display,true,LAW,LAW,Used for temporary displays at the Law Library.,,,,,,,,,,,,,
26d1a668-747b-4f1d-a2af-317b37316360,Lane Spec: Manuscipts,LANE-MSS,SU,MED,LANE,Medical History Center: By appointment only.,true,LANE-DESK,LANE-DESK,,,,,,https://lane.stanford.edu/med-history/contact.html,,,,,,,,
271f84ab-47aa-40cc-b8a1-18a992bb6b88,Spec Rare Books,SPEC-RARE-BOOKS,SU,SUL,SPEC-COLL,Rare Books Collection,true,SPEC,SPEC,,,SPECUA,,,,,,,,,,,
28254e87-d2eb-4f6c-877c-322b016cd313,Education New Books,EDU-NEWBOOK,SU,SUL,EDUCATION,New books,true,EDUCATION,EDUCATION,,,,,,,,,,,,,,
286cdd37-a62c-434d-89d0-587977d80cd0,Art Locked Stacks Medium Restricted,ART-LOCKED-MEDIUM-R,SU,SUL,ART,Locked stacks (Medium),true,ART,ART,,,,ART,ART,,,,,,,,,
28875c44-d924-4e5f-99ab-99b94261f1b4,East Asia Courtesy Hold Shelf,EAL-COURTESY-HOLD,SU,SUL,EAST-ASIA,Ask at circulation desk,true,EAST-ASIA,EAST-ASIA,,,,,,,,,,,,,,
29503544-ff29-4333-a642-81388526e467,Green Send to SAL3,GRE-SEND2SAL3,SU,SUL,GREEN,Ask at circulation desk,true,GREEN-LOAN,GREEN-LOAN,,,,,,,,,,,,,,
296b2814-6944-454f-8960-c47851054f1f,Earth Sci Locked Stacks,EAR-LOCKED-STACKS,SU,SUL,EARTH-SCI,Locked stacks: Ask at circulation desk,true,EARTH-SCI,EARTH-SCI,,,,,,,,,,,,,,
2a1f9ce7-dfac-4ff9-81a2-7d72b2cd5c1b,East Asia Staff Shadow,EAL-STAFFSHADOW,SU,SUL,EAST-ASIA,Ask at circulation desk,true,EAST-ASIA,EAST-ASIA,,,,,,,,,,,,,,
2a2b2cfe-c4c4-4196-8f47-079a392f112b,Education Stacks,EDU-STACKS,SU,SUL,EDUCATION,Stacks,true,EDUCATION,EDUCATION,,,,,,,,,,,,,,
2a539904-d0e3-4220-ba19-2a358c4f22ed,Spec Tech Services Shadow,SPEC-TECHSHADOW,SU,SUL,SPEC-COLL,Ask at Reading Room desk,true,SPEC,SPEC,,,,,,,,,,,,,,
2a5d1ead-04bc-4150-91e1-ffbf07af7e65,Green Docs Microfilm,GRE-DOCS-MICROFILM,SU,SUL,GREEN,Bing Wing lower level: Microform cabinets,true,GREEN-LOAN,GREEN-LOAN,,https://stanford.stackmap.com/json/,,,,,,,,,,,,
2a97bb70-8780-4fc1-ae1f-0d14b7fd47ad,Green Withdrawn Digital Substitute,GRE-WD-DIGITAL-SUB,SU,SUL,GREEN,Digital substitute,true,GREEN-LOAN,GREEN-LOAN,,,,,,,,,,,,,,
2b4eca5b-69d3-4b43-b965-e7ea01abec26,Tanner migration error,TAN-MIGRATE-ERR,SU,SUL,TANNER,Error during migration,true,TANNER,TANNER,,,,,,,,,,,,,,
2ba8ca4d-f9aa-494b-b0ae-2437987c7f75,ARS Recordings,ARS-RECORDINGS,SU,SUL,ARS,Recordings,true,ARS,ARS,,,ARS,,,,,,,,,,,
2bee7d79-6911-45ca-a0a9-9eb54e408716,Rumsey Center Stacks Small,RUM-C-STK-SM,SU,SUL,RUMSEY-MAP,Map Center (small stacks),true,RUMSEY-MAP,RUMSEY-MAP,,,RUMSEY,,,,,,,,,,,
2d85630c-4733-42a1-a229-19e1e3393ab4,SAL Withdrawn Digital Substitute,SAL-WD-DIGITAL-SUB,SU,SUL,SAL,Digital substitute,true,SAL,SAL,,,,,,,,,,,,,,
2daf690d-d063-43ab-95f1-236a680fce20,Earth Sci SGC,EAR-SGC,SU,SUL,EARTH-SCI,Stanford Geospatial Center,true,EARTH-SCI,EARTH-SCI,,,,,,,,,,,,,,
2dafa4f6-4648-4297-ac56-e181f5ed471b,Green HAS New Books,GRE-HAS-NEWBOOK,SU,SUL,GREEN,Lane Reading Room: New books,true,GREEN-LOAN,GREEN-LOAN,,https://stanford.stackmap.com/json/,,,,,,,,,,,,
2dcdfd4b-b62e-4579-830c-8d99246bbed6,Earth Sci Instructor,EAR-INSTRUCTOR,SU,SUL,EARTH-SCI,On reserve: Ask at circulation desk,true,EARTH-SCI,EARTH-SCI,,,,,,,,,,,,,,
2e422165-a930-4e54-a305-964a89c96a1f,Rumsey Center Withdrawn Digital Substitute,RUM-WD-DIGITAL-SUB,SU,SUL,RUMSEY-MAP,Digital substitute,true,RUMSEY-MAP,RUMSEY-MAP,,,,,,,,,,,,,,
2e9c0fe9-73f4-4555-bbe8-6c0d97e558ec,Rumsey Inprocess,RUM-INPROCESS,SU,SUL,RUMSEY-MAP,In process,true,RUMSEY-MAP,RUMSEY-MAP,,,RUMSEY,,,,,,,,,,,
2f75fa4d-26b6-4beb-b034-50cf4443b628,Green Shadow,GRE-SHADOW,SU,SUL,GREEN,Ask at circulation desk,true,GREEN-LOAN,GREEN-LOAN,,,,,,,,,,,,,,
2faabe02-758e-4b87-a470-dca43027458e,SAL PUB 70,SAL-PUB70,SU,SUL,SAL,Stacks,true,SAL,SAL,,,,,,,,Offsite,,,,,,
31b65d3e-de73-4182-baa0-be22fc302db3,Rumsey W7 Stacks Small,RUM-W7-STK-SM,SU,SUL,RUMSEY-MAP,Map Center (W7 small stacks),true,RUMSEY-MAP,RUMSEY-MAP,,,RUMSEY,,,,,,,,,,,
31b68968-90b7-4205-83bc-1a6d2350e0e7,HILA Shelved Elsewhere,HILA-SEE-OTHER,SU,HOOVER,HILA,See linked record,true,HILA,HILA,,,,,,,,,,,,,,
32bebe0c-a235-4689-8f8a-6cc0472e74b1,Spec Inprocess,SPEC-INPROCESS,SU,SUL,SPEC-COLL,In process,true,SPEC,SPEC,,,,,,,,In_process,,,,,,
33e93b8a-7917-4973-865c-7579289f3d04,Lane Spec: LC Oversize - Folio,LANE-SFOL,SU,MED,LANE,Medical History Center: By appointment only.,true,LANE-DESK,LANE-DESK,,,,,,https://lane.stanford.edu/med-history/contact.html,,,,,,,,
34aff776-2bcb-4c5d-8151-bd18f55e1f8c,Education Curriculum,EDU-CURRICULUM,SU,SUL,EDUCATION,Curriculum at Green,true,EDUCATION,EDUCATION,,,,,,,,,,,,,,
3516da02-847d-41a0-a69d-2a3ca8101d7f,Media Shelved Elsewhere,MEDIA-SEE-OTHER,SU,SUL,MEDIA-CENTER,See linked record to request items bound together,true,MEDIA-CENTER,MEDIA-CENTER,,,,,,,,,,,,,,
3529d772-1715-4a12-8314-200f34b8cc30,Rumsey Center Stacks Medium,RUM-C-STK-MD,SU,SUL,RUMSEY-MAP,Map Center (medium stacks),true,RUMSEY-MAP,RUMSEY-MAP,,,RUMSEY,,,,,,,,,,,
3545bef8-1497-455c-9ea0-88ea6e4b9d77,Marine Bio Atlases,MAR-ATLASES,SU,SUL,MARINE-BIO,Atlas section,true,MARINE-BIO,MARINE-BIO,,,,,,,,,,,,,,
360c3f1e-70c4-4f5d-b629-3baf8be86387,Eng Terman Collection,ENG-TERM-COLL,SU,SUL,ENG,Terman Collection: Ask at circulation desk,true,ENG,ENG,,,,,,,,,,,,,,
365fe2b7-ba9e-4d68-98e8-5ba7ba5916b2,SAL EAL Stacks Korean,SAL-EAL-STKS-K,SU,SUL,SAL,Korean Collection,true,SAL,SAL,,,,,,,GREEN,Offsite,,,,,,
3798763e-27bc-4a1e-a05a-5fb49bc9dcec,Eng Maker Bar,ENG-MAKERBAR,SU,SUL,ENG,Maker Bar,true,ENG,ENG,,,,,,,,,,,,,,
37ba49c7-7122-4738-a120-58cf6df77f91,SUL TS CC Book Jacket,SUL-TS-CC-BOOKJACKET,SU,SUL,SUL,In process,true,SULCC,SULCC,,,,,,,,In_process,,,,,,
37eda0ee-cbfc-4016-b74f-d6682b811340,Eng PAGE-EN,ENG-PAGE-EN,SU,SUL,ENG,Ask at circulation desk,true,ENG,ENG,,,,,,,,,,,,,,
3877c7e2-a658-4431-9d22-9206278b3664,Green SSRC New Documents,GRE-SSRC-NEWDOC,SU,SUL,GREEN,Jonsson Social Sciences Reading Room: New documents,true,GREEN-LOAN,GREEN-LOAN,,https://stanford.stackmap.com/json/,,,,,,,,Federal,,,,
38911fcd-5de5-4d4d-b9d3-aeb581040d47,Lane Equipment,LANE-EQUIP,SU,MED,LANE,Equipment. Shelved at Information Desk,true,LANE-DESK,LANE-DESK,,,,,,,,,,,,,,
398e87b0-35fb-4f80-bb79-b5f70a9a1bc6,SAL3 PAGE-MP,SAL3-PAGE-MP,SU,SUL,SAL3,Request for pickup at Branner Library,true,SAL3,SAL3,,,,PAGE-MP,EARTH-SCI,,,Offsite,,,,,,
3ac813ce-d83d-4acb-a626-bfce748a5f93,Business SAL3 Stacks,BUS-SAL3-STACKS,SU,GSB,BUSINESS,Offsite stacks,true,SAL3,SAL3,,,,,,,SAL3,Offsite,,,,,,SAL3
3b340806-62b3-4c65-b056-699829a55eac,Spec Sal Gunst,SPEC-SAL-GUNST,SU,SUL,SPEC-COLL,Gunst Collection,true,SPEC,SPEC,,,,,,,,,,,,,,
3b562a08-66ee-4839-86b6-e9b08d07f375,Art PAGE-AR,ART-PAGE-AR,SU,SUL,ART,Ask at circulation desk,true,ART,ART,,,,,,,,,,,,,,
3bba3b30-22be-4bf9-8b7a-96caf31b7c80,Law New Books,LAW-NEWBOOK,SU,LAW,LAW,New books shelf,true,LAW,LAW,,,,,,,,,,,,,,
3c4db814-f0e7-4119-a14c-5909953608a6,Music Tech Shadowed,MUS-SHADOW,SU,SUL,MUSIC,Ask at circulation desk,true,MUSIC,MUSIC,,,,,,,,,,,,,,
3cbd5559-5ca9-473e-8d7d-98a67bff29f5,SAL3 PAGE-SP,SAL3-PAGE-SP,SU,SUL,SAL3,For use in Special Collections Reading Room,true,SAL3,SAL3,,,,,SPEC,,,Offsite,,,,,,
3d8166aa-9f44-4187-8d79-a257929729bf,East Asia Shelved Elsewhere,EAL-SEE-OTHER,SU,SUL,EAST-ASIA,See linked record to request items bound together,true,EAST-ASIA,EAST-ASIA,,,,,,,,,,,,,,
3dadb04e-931c-4ebe-85b0-dcb00c30ebcb,HILA SDR,HILA-SDR,SU,HOOVER,HILA,Stanford Digital Repository,true,HILA,HILA,,,,,,,,,,,,,,
3e600d91-6256-4e93-a3aa-a21792e95baf,Media Tech Processor,MEDIA-TECH-PROCESSOR,SU,SUL,MEDIA-CENTER,In process,true,MEDIA-CENTER,MEDIA-CENTER,,,,,,,,In_process,,,,,,
3e7d97cd-201e-4e24-bdcc-5be6b238ecad,Lane Spec: Map Case,LANE-MAP,SU,MED,LANE,Medical History Center: By appointment only.,true,LANE-DESK,LANE-DESK,,,,,,https://lane.stanford.edu/med-history/contact.html,,,,,,,,
3eceb57f-5aa8-4f6c-a4c8-b7b948ab7697,Music Restricted Stacks,MUS-R-STACKS,SU,SUL,MUSIC,Stacks (Limited loan),true,MUSIC,MUSIC,,,,,,,,,,,,,,
3f7074c6-c5b1-4c07-bd33-d92f4a748f70,Eng Permanent Reserve,ENG-PERMRES,SU,SUL,ENG,Permanent reserve: Ask at circulation desk,true,ENG,ENG,,,,,,,,,,,,,,
4080a633-45dd-42e6-b394-c2afc1e4bfa5,Earth Sci Bib Index,EAR-BIB-INDEX,SU,SUL,EARTH-SCI,Bibliographies & Indexes,true,EARTH-SCI,EARTH-SCI,,,,,,,,,,,,,,
40ac5cad-f2ec-4926-a7da-a4affc7b3b2c,Eng Games,ENG-GAMES,SU,SUL,ENG,Games section,true,ENG,ENG,,,,,,,,,,,,,,
40b22c5a-4f43-4869-800e-a48f32307f59,Earth Sci Microtext,EAR-MICROTEXT,SU,SUL,EARTH-SCI,Microtext,true,EARTH-SCI,EARTH-SCI,,,,,,,,,,,,,,
40fe251f-95a9-42d4-97c8-09ea0fd08006,Business Trader's Pit,BUS-TP,SU,GSB,BUSINESS,Traders Pit,true,BUS-IDESK,BUS-IDESK,,,,,,,,,,,,,,
41789c86-8484-40fe-a0dd-22382bec0545,Rumsey W7 Objects,RUM-W7-OBJECTS,SU,SUL,RUMSEY-MAP,Map Center (W7 objects),true,RUMSEY-MAP,RUMSEY-MAP,,,RUMSEY,,,,,,,,,,,
41ccf603-0286-41eb-9e1a-778b567c8502,Rumsey Center Case Medium,RUM-C-CASE-MD,SU,SUL,RUMSEY-MAP,Map Center (medium case),true,RUMSEY-MAP,RUMSEY-MAP,,,RUMSEY,,,,,,,,,,,
42ace85f-12c4-4c6f-9360-7e58d15f7a91,Education Reserves,EDU-CRES,SU,SUL,EDUCATION,On reserve: Ask at Education circulation desk,true,EDUCATION,EDUCATION,,,,,,,,,true,,,,,
435abe6e-ef96-429e-86b2-183705fe4172,Green Docs Microfiche,GRE-DOCS-MICROFICHE,SU,SUL,GREEN,Bing Wing lower level: Microform cabinets,true,GREEN-LOAN,GREEN-LOAN,,https://stanford.stackmap.com/json/,,,,,,,,Federal,,,,
43a64b5c-bf3c-4364-9546-73e8fdae84f7,Business Permanent Reserve,BUS-PERMRES,SU,GSB,BUSINESS,Permanent reserve: Ask at i-Desk,true,BUS-IDESK,BUS-IDESK,,,,,,,,,,,,,,
43c011f3-adeb-4c49-b357-06772aff11de,Business Electronic,BUS-ELECTRONIC,SU,GSB,BUSINESS,Online resource,true,BUS-IDESK,BUS-IDESK,,,,,,,,,,,,,,
4421f6a3-861b-48ad-b6a8-81c799855f3c,Earth Sci Media,EAR-MEDIA,SU,SUL,EARTH-SCI,Media,true,EARTH-SCI,EARTH-SCI,,,,,,,,,,,,,,
4492a47c-6975-48de-aa50-0e7f15a1da62,ARS Reference,ARS-REF,SU,SUL,ARS,Reference,true,ARS,ARS,,,,,ARS,,,,,,,,,
4573e824-9273-4f13-972f-cff7bf504217,Green Stacks,GRE-STACKS,SU,SUL,GREEN,Stacks,true,GREEN-LOAN,GREEN-LOAN,,https://stanford.stackmap.com/json/,,,,,,,,,,,,
45b7d847-cb97-48e4-86f4-4c013215eb65,Rumsey W7 Map XL,RUM-W7-MAP-XL,SU,SUL,RUMSEY-MAP,Map Center (W7 x-large maps),true,RUMSEY-MAP,RUMSEY-MAP,,,RUMSEY,,,,,,,,,,,
45daa686-823a-4ad5-b187-d7878bebf00d,SAL3 PAGE-MA,SAL3-PAGE-MA,SU,SUL,SAL3,For use in Miller Library or Green Library,true,SAL3,SAL3,,,,,"MARINE-BIO,GREEN",,,Offsite,,,,,,
45fd8542-b00f-4d56-ae46-6a3e210896d7,Business Stacks,BUS-STACKS,SU,GSB,BUSINESS,Stacks,true,BUS-IDESK,BUS-IDESK,,,,,,,,,,,,,,
46521278-9bfa-4596-8c42-cacad3e94a5d,Music Withdrawn Digital Substitute,MUS-WD-DIGITAL-SUB,SU,SUL,MUSIC,Digital substitute,true,MUSIC,MUSIC,,,,,,,,,,,,,,
46eb9191-1f6f-44ba-a67c-610f868dd429,Lane Books: LC Class,LANE-LAN,SU,MED,LANE,Books: General Collection (Downstairs),true,LANE-DESK,LANE-DESK,,,,,,,,,,,,,,
46ff188b-6153-4447-8562-59e4af45137c,Green HAS Folios,GRE-HAS-FOLIO,SU,SUL,GREEN,Lane Reading Room: Oversize books,true,GREEN-LOAN,GREEN-LOAN,,https://stanford.stackmap.com/json/,,,,,,,,,,,,
471e53ef-0d50-48c4-938b-7f63d1251157,Science migration error,SCI-MIGRATE-ERR,SU,SUL,SCIENCE,Error during migration,true,SCIENCE,SCIENCE,,,,,,,,,,,,,,
47fe7952-9708-465a-9179-66192c15b8b6,Green SSRC Data Files,GRE-SSRC-DATA,SU,SUL,GREEN,Velma Denning Room (Social Science Data and Software),true,GREEN-LOAN,GREEN-LOAN,,https://stanford.stackmap.com/json/,,,,,,,,,,,,
4897efd8-759f-43eb-b282-ab9f97fefcb8,Law Stacks 2nd floor,LAW-STACKS2,SU,LAW,LAW,2nd floor stacks,true,LAW,LAW,,,,,,,,,,,,,,
489980d7-2618-4dc8-8b30-206b8a9f67e0,Spec Barchas,SPEC-BARCHAS,SU,SUL,SPEC-COLL,Barchas Collection,true,SPEC,SPEC,,,SPECUA,,,,,,,,,,,
48ff56c7-cce7-4c8b-8a36-86af147f888d,Media migration error,MEDIA-MIGRATE-ERR,SU,SUL,MEDIA-CENTER,Error during migration,true,MEDIA-CENTER,MEDIA-CENTER,,,,,,,,,,,,,,
4952c89e-98ac-4601-a1ec-7dcbe1cfa4b4,Lane Course Reserves,LANE-CRES,SU,MED,LANE,Course Reserves: Request at Lane Information Desk,true,LANE-DESK,LANE-DESK,,,,,,https://lane.stanford.edu/biomed-resources/course-reserves.html,,,true,,,,,
49a36463-54cc-46e0-8321-98621528b1ad,Rumsey Center Stacks Ref,RUM-C-STK-REF,SU,SUL,RUMSEY-MAP,Reference,true,RUMSEY-MAP,RUMSEY-MAP,,,RUMSEY,,,,,,,,,,,
49e1fa0c-af79-435c-854a-30c4f0529d73,Lane Spec: Old Class O - Folio,LANE-SPOO2,SU,MED,LANE,Medical History Center: By appointment only.,true,LANE-DESK,LANE-DESK,,,,,,https://lane.stanford.edu/med-history/contact.html,,,,,,,,
49f4d81d-0b29-4872-963c-078c4924cf92,Lane Spec: Old Class O - Flat,LANE-SPOO3,SU,MED,LANE,Medical History Center: By appointment only.,true,LANE-DESK,LANE-DESK,,,,,,https://lane.stanford.edu/med-history/contact.html,,,,,,,,
4a617cb9-a317-4d6a-9d32-bcdcc5f7ef14,Lane Career Center,LANE-SOMCC,SU,MED,LANE,BioSciences Career Center Collection (Duck Room),true,LANE-DESK,LANE-DESK,,,,,,,,,,,,,,
4a911835-3488-4d26-9293-bdc625c9afce,Green Reserves,GRE-CRES,SU,SUL,GREEN,On reserve: Ask at Green circulation desk,true,GREEN-LOAN,GREEN-LOAN,,https://stanford.stackmap.com/json/,,,,,,,true,,,,,
4c2a27c8-99fc-4cd2-9498-454e299a3d46,Law Shelved Elsewhere,LAW-SEE-OTHER,SU,LAW,LAW,See linked record,true,LAW,LAW,,,,,,,,,,,,,,
4c97036b-29dc-4340-881b-eab30eee9496,SAL Shelved Elsewhere,SAL-SEE-OTHER,SU,SUL,SAL,See linked record to request items bound together,true,SAL,SAL,,,,,,,,,,,,,,
4d0b258a-8668-4259-bc9a-9422ef72706d,SAL3 ND Page to East-Asia,SAL3-ND-PAGE-EA,SU,SUL,SAL3,NDC collection: Request for pickup at East Asia Library,true,SAL3,SAL3,,,,,EAST-ASIA,,EAST-ASIA,Offsite,,,"book,periodical",EAL-SCANREVIEW,,
4d907e7e-2479-43ca-bef5-a29a0f89beb4,Lane Books: Oversize,LANE-OVSZE,SU,MED,LANE,Books: Oversize (Downstairs),true,LANE-DESK,LANE-DESK,,,,,,,,,,,,,,
4e04fb13-3520-44c0-97c1-4960ac717b0b,Classics Shelved Elsewhere,CLA-SEE-OTHER,SU,SUL,CLASSICS,See linked record,true,CLASSICS,CLASSICS,,,,,,,,,,,,,,
4e9821a7-3ded-4428-9dce-9f5462dab0d7,Lane Digital: Access,LANE-EDATA,SU,MED,LANE,Digital: Access,true,LANE-DESK,LANE-DESK,,,,,,,,,,,,,Electronic,
4f3d6301-6175-45c5-9bd2-af728ccaa829,Rumsey Center Stacks XL,RUM-C-STK-XL,SU,SUL,RUMSEY-MAP,Map Center (x-large stacks),true,RUMSEY-MAP,RUMSEY-MAP,,,RUMSEY,,,,,,,,,,,
4fae16fc-d223-4b86-b048-28642c425980,Green HAS New Fiction,GRE-HAS-FICTION,SU,SUL,GREEN,Lane Reading Room: Fiction,true,GREEN-LOAN,GREEN-LOAN,,https://stanford.stackmap.com/json/,,,,,,,,,,,,
51d37aaa-dcb5-46ee-a9f1-9310f1737b55,SUL TS CC Repair,SUL-TS-CC-REPAIR,SU,SUL,SUL,Out for repair,true,SULCC,SULCC,,,,,,,,In_process,,,,,,
51f335e0-7669-4036-9db1-124629231c85,Eng Equipment,ENG-EQUIPMENT,SU,SUL,ENG,Equipment: Ask at circulation desk,true,ENG,ENG,,,,,,,,,,,,,,
521489d5-d17f-4a7a-88ec-8a3d0dbc926e,Lane Books: DCORE,LANE-DCORE,SU,MED,LANE,DCORE (Downstairs),true,LANE-DESK,LANE-DESK,,,,,,https://med.stanford.edu/diversity/d-core.html,,,,,,,,
534d7c0a-d0f4-47f7-aeaf-ff4133203aad,Spec Taube,SPEC-TAUBE,SU,SUL,SPEC-COLL,Taube Collection,true,SPEC,SPEC,,,SPECUA,,,,,,,,,,,
5447624a-5871-4d7a-864a-99eb4b77583c,Marine Bio Serials,MAR-SERIALS,SU,SUL,MARINE-BIO,Serials,true,MARINE-BIO,MARINE-BIO,,,,,,,,,,,,,,
549da344-f397-4b87-9c5b-b42453b8ac22,Rumsey Center Case Large,RUM-C-CASE-LG,SU,SUL,RUMSEY-MAP,Map Center (large case),true,RUMSEY-MAP,RUMSEY-MAP,,,RUMSEY,,,,,,,,,,,
54ac639a-56fa-4602-ad76-74cde2003ca8,Lane Ref: Retired Periodical,LANE-PRREF,SU,MED,LANE,Retired Reference Periodicals (Downstairs),true,LANE-DESK,LANE-DESK,,,,,,,,,,,,,,
5576a35d-465c-407c-8900-ae63f2d1fbf3,SUL Withdrawn,SUL-WITHDRAWN,SU,SUL,SUL,Withdrawn,true,SULTS,SULTS,,,,,,,,,,,,,,
569b2a12-b04e-42ee-b0a8-f4bb03ae2963,Law Career,LAW-CAREER,SU,LAW,LAW,Careers collection: Ask at circulation desk,true,LAW,LAW,,,,,,,,,,,,,,
56aab2ba-1a38-4b7d-a004-87b2f20bc4bf,Education Shadowed,EDU-SHADOW,SU,SUL,EDUCATION,Ask at circulation desk,true,EDUCATION,EDUCATION,,,,,,,,,,,,,,
574c569c-94a5-4904-8f7b-6ffc0d2f55ce,Lane Spec: Per Archives,LANE-PARCH,SU,MED,LANE,Medical History Center: By appointment only.,true,LANE-DESK,LANE-DESK,,,,,,https://lane.stanford.edu/med-history/contact.html,,,,,,,,
589933c3-dc9f-48b1-bb4b-b0805d591a96,SAL EAL Stacks Chinese,SAL-EAL-STKS-C,SU,SUL,SAL,Chinese Collection,true,SAL,SAL,,,,,,,GREEN,Offsite,,,,,,
59eba96c-5184-43cb-a5d4-0785ae2179b4,Art Maintenance Shelf Serials,ART-PROCESSING-SERIALS,SU,SUL,ART,In process,true,ART,ART,,,,,,,,In_process,,,,,,
5a298029-e552-4c32-acfe-3ad6b9d72f91,SAL3 PAGE-EN,SAL3-PAGE-EN,SU,SUL,SAL3,For use in Terman Library,true,SAL3,SAL3,,,,,ENG,,,Offsite,,,,,,
5b238ec5-1019-42f7-b621-304fdf4229a2,Earth Sci Processing - CircLS,EAR-PROCESSING-CIRCLS,SU,SUL,EARTH-SCI,In process,true,EARTH-SCI,EARTH-SCI,,,,,,,,,,,,,,
5b308b0c-5f92-4944-8f82-b7d03caabd13,Art VRC,ART-VRC,SU,SUL,ART,In process,true,ART,ART,,https://stanford.stackmap.com/json/,,,,,,,,,,,,
5bcb078a-cfe6-49c8-994d-699495d8fdee,Law Vrooman 2nd floor,LAW-VROOMAN2,SU,LAW,LAW,"Vrooman collection, 2nd floor",true,LAW,LAW,,,,,,,,,,,,,,
5c463e49-7b95-449b-8378-5cdde558df27,Rumsey W7 Folios,RUM-W7-FOLIO,SU,SUL,RUMSEY-MAP,Map Center (W7 folios),true,RUMSEY-MAP,RUMSEY-MAP,,,RUMSEY,,,,,,,,,,,
5c4e0bc1-9ea5-466c-80ce-7001cfa267a4,Lane Books: Oversize Flat,LANE-FLAT,SU,MED,LANE,Books: Oversize - Flat (Downstairs),true,LANE-DESK,LANE-DESK,,,,,,,,,,,,,,
5c592994-fc71-4cdb-8a1c-60592565fe4b,Green California Docs,GRE-CAL-DOCS,SU,SUL,GREEN,California State Documents,true,GREEN-LOAN,GREEN-LOAN,,https://stanford.stackmap.com/json/,,,,,,,,California,,,,
5c7187f4-d493-43ef-9213-b5e18cc50ae1,Law Withdrawn Digital Substitute,LAW-WD-DIGITAL-SUB,SU,LAW,LAW,Digital substitute,true,LAW,LAW,,,,,,,,,,,,,,
5ceed461-983f-4f59-8614-df4993eaf9c5,HILA Oversized,HILA-OVERSIZED,SU,HOOVER,HILA,Oversized,true,HILA,HILA,,,,,,,,,,,,,,
5d33dee8-0de3-4903-9863-e17cd6f15e0b,SUL TS CC Bindery Prep,SUL-TS-CC-BINDERYPREP,SU,SUL,SUL,At bindery,true,SULCC,SULCC,,,,,,,,In_process,,,,,,
5d3a4aa1-7e33-4a42-9e82-14e4bb5994f5,Eng Stacks,ENG-STACKS,SU,SUL,ENG,Stacks,true,ENG,ENG,,,,,,,,,,,,,,
5d3bf9e2-eb83-46e9-b2d8-3400ea8d1da3,Lane Spec: Portraits (Annex),LANE-PORT,SU,MED,LANE,Medical History Center: By appointment only.,true,LANE-DESK,LANE-DESK,,,,,,https://lane.stanford.edu/med-history/contact.html,,,,,,,,
5dfd0123-e1af-47c7-ba12-f2427169ca79,SAL Withdrawn,SAL-WITHDRAWN,SU,SUL,SAL,Withdrawn,true,SAL,SAL,,,,,,,,,,,,,,
5e1ce885-6546-480d-a320-4c9036279560,Business migration error,BUS-MIGRATE-ERR,SU,SUL,BUSINESS,Error during migration,true,BUS-IDESK,BUS-IDESK,,,,,,,,,,,,,,
5e2613b5-582f-45eb-9c5d-27f12ba14c61,Law Microtext,LAW-MICROTEXT,SU,LAW,LAW,Locked stacks: Microtext,true,LAW,LAW,,,,,,,,,,,,,,
5ecf146b-ce87-42f2-aa63-00d085e82d81,Law Stacks 1st floor,LAW-STACKS1,SU,LAW,LAW,1st floor stacks,true,LAW,LAW,,,,,,,,,,,,,,
5ed399b7-3d1f-4603-9950-e12fa6de4187,Tanner Stacks,TAN-STACKS,SU,SUL,TANNER,Stacks,true,TANNER,TANNER,,,,,,,,,,,,,,
5fa752b7-aa37-4e67-aeec-6638fce3ff4c,Law migration error,LAW-MIGRATE-ERR,SU,LAW,LAW,Error during migration,true,LAW,LAW,,,,,,,,,,,,,,
5ffcbe91-775f-484e-91a2-e5473ff6c915,Lane New Books,LANE-NEWB,SU,MED,LANE,New Books Shelf (Duck Room),true,LANE-DESK,LANE-DESK,,,,,,,,,,,,,,
62544aab-bfc2-4ff1-ac90-7041c7e3e75a,HILA Vault,HILA-VAULT,SU,HOOVER,HILA,Vault,true,HILA,HILA,,,,,,,,,,,,,,
635d2ddc-c7a1-46ce-b46d-336f1384c4dc,Spec U-Archives,SPEC-U-ARCHIVES,SU,SUL,SPEC-COLL,University Archives,true,SPEC,SPEC,,,SPECUA,,,,,,,,,,,
636e28ad-5526-4444-a336-b323d1e21ce2,Lane Per: Compact,LANE-COM,SU,MED,LANE,Periodicals processing area: Request at Information Desk,true,LANE-DESK,LANE-DESK,,,,,,,,,,,,,,
64ab173c-c06a-44b5-bfa3-45b1af158d8e,Law Neukom,LAW-NEUKOM,SU,LAW,LAW,Neukom collection,true,LAW,LAW,,,,,,,,,,,,,,
64bf1182-d489-4eeb-bf13-d6af409345fa,Classics Stacks,CLA-STACKS,SU,SUL,CLASSICS,Stacks,true,CLASSICS,CLASSICS,,,,,,,,,,,,,,
65cbea1d-ac50-4f47-85f5-0ebb8409cb4a,Business SDR,BUS-SDR,SU,GSB,BUSINESS,Stanford Digital Repository,true,BUS-IDESK,BUS-IDESK,,,,,,,,,,,,,,
6634d387-158d-4a8b-8d22-1b470811e91a,Rumsey W7 Conservation,RUM-W7-CONSERV,SU,SUL,RUMSEY-MAP,Map Center (W7 Conservation),true,RUMSEY-MAP,RUMSEY-MAP,,,RUMSEY,,,,,,,,,,,
6647a586-3474-4841-999e-d41e54d78e68,Business Withdrawn Digital Substitute,BUS-WD-DIGITAL-SUB,SU,GSB,BUSINESS,Digital substitute,true,BUS-IDESK,BUS-IDESK,,,,,,,,,,,,,,
667cc555-3123-44f9-a56b-135e4f6ff927,Music Flat,MUS-FLAT,SU,SUL,MUSIC,Flat folios,true,MUSIC,MUSIC,,,,,,,,,,,,,,
669f1eb6-57f8-4643-966e-fb7341b80dfa,Marine Bio Locked Theses,MAR-LOCKED-THESES,SU,SUL,MARINE-BIO,Locked theses: Ask at circulation desk,true,MARINE-BIO,MARINE-BIO,,,,,,,,,,,,,,
689306c3-d0d2-4c28-b332-f554a2458a8e,SAL Turkish,SAL-TURKISH,SU,SUL,SAL,Temporary shelving for Turkish materials,true,SAL,SAL,,,,,,,GREEN,Offsite,,,,,,
6899a22b-aadf-49da-8d36-bb472387855e,Law Locked Stacks,LAW-LOCKED,SU,LAW,LAW,Locked stacks: Ask at circulation desk,true,LAW,LAW,,,,,,,,,,,,,,
68ad9f49-b972-4f28-b847-7732f394c62f,Education Microtext,EDU-MICROTEXT,SU,SUL,EDUCATION,Microtext,true,EDUCATION,EDUCATION,,,,,,,,,,,,,,
692dc27f-4757-44c7-a325-7e7f514bce3b,Green Has Journals,GRE-HAS-JOURNALS,SU,SUL,GREEN,Lane Reading Room: Journals,true,GREEN-LOAN,GREEN-LOAN,,https://stanford.stackmap.com/json/,,,,,,,,,,,,
69ff02b2-362f-40d5-96ac-0f514f15a2e9,Lane Offsite: SAL3,LANE-SAL3,SU,MED,LANE,Stored offsite. Please request print.,true,SAL3,SAL3,,,,,,,,Offsite,,,,,,SAL3
6a0aee81-af95-4240-947f-ec6f930d96d0,Eng Tech Processor,ENG-TECH-PROCESSOR,SU,SUL,ENG,In process,true,ENG,ENG,,,,,,,,In_process,,,,,,
6a21a66a-40e4-434c-bacf-5d39ab0d6882,SAL Newark PAGE-EA,SALN-PAGE-EA,SU,SUL,SAL-NEWARK,For use in East Asia Library,true,SAL-NEWARK,SAL-NEWARK,,,,,,,,Offsite,,,,,,
6a81c846-bc17-400f-94d9-5372b6a39064,SAL Locked Page to East-Asia,SAL-LOCKED-PAGE-EA,SU,SUL,SAL,Request for use in East Asia Library,true,SAL,SAL,,,EASTASIA,,,,,Offsite,,,,,,
6babb3e3-fc13-4762-a03f-d15fdf10c756,Art Locked Stacks Large,ART-LOCKED-LARGE,SU,SUL,ART,Locked stacks (Large),true,ART,ART,,,,ART,ART,,,,,,,,,
6bb4959c-9113-4286-8653-3f331d40c9ee,East Asia Chinese,EAL-CHINESE,SU,SUL,EAST-ASIA,Chinese collection,true,EAST-ASIA,EAST-ASIA,,https://stanford.stackmap.com/json/,,,,,,,,,,,,
6c377b07-a62d-4e85-b552-ee5266a46044,Marine Bio Children-YA,MAR-CHILDRENYA,SU,SUL,MARINE-BIO,Child & Young Adult collection,true,MARINE-BIO,MARINE-BIO,,,,,,,,,,,,,,
6cf378ff-4f72-40e7-afa0-b897c1bdd085,SUL TS Collection Care,SUL-TS-COLLECTIONCARE,SU,SUL,SUL,In process,true,SULCC,SULCC,,,,,,,,In_process,,,,,,
6d0d6a2c-a0b8-4257-96ad-0139fc46a920,Business Reference,BUS-REF,SU,GSB,BUSINESS,Reference,true,BUS-IDESK,BUS-IDESK,,,,,,,,,,,,,,
6de953a4-c00e-49ee-a900-a140f408526a,East Asia Sets,EAL-SETS,SU,SUL,EAST-ASIA,Big Sets,true,EAST-ASIA,EAST-ASIA,,https://stanford.stackmap.com/json/,,,,,,,,,,,,
6e5b0dbb-d3d8-4e8b-ab8b-91fc760e6f5b,East Asia Korean,EAL-KOREAN,SU,SUL,EAST-ASIA,Korean collection,true,EAST-ASIA,EAST-ASIA,,https://stanford.stackmap.com/json/,,,,,,,,,,,,
6fd9b2bc-1e68-4623-abd4-0864b856fd81,Business Exhibit,BUS-EXHIBIT,SU,GSB,BUSINESS,Exhibit case,true,BUS-IDESK,BUS-IDESK,,,,,,,,,,,,,,
7010a71d-5bbd-4e08-b3a0-e2da8d633ccc,Music Shelved Elsewhere,MUS-SEE-OTHER,SU,SUL,MUSIC,See linked record to request items bound together,true,MUSIC,MUSIC,,,,,,,,,,,,,,
703fd71b-251d-45ce-8304-759ac93d3426,Law Newspapers,LAW-NEWSPAPERS,SU,LAW,LAW,Newspapers,true,LAW,LAW,,,,,,,,,,,,,,
70cd636f-725b-4cea-aa75-fe3e6f4ef447,Art Locked Stacks Small Restricted,ART-LOCKED-SMALL-R,SU,SUL,ART,Locked stacks (Small),true,ART,ART,,,,ART,ART,,,,,,,,,
7120a9a0-dcac-4991-bb92-5fd3eecabe56,Law SDR,LAW-SDR,SU,LAW,LAW,Stanford Digital Repository,true,LAW,LAW,,,,,,,,,,,,,,
716c277f-7595-4b90-a189-92387bac8c87,Art Locked Stacks Large Restricted,ART-LOCKED-LARGE-R,SU,SUL,ART,Locked stacks (Large),true,ART,ART,,,,ART,ART,,,,,,,,,
71d88dd5-3ac5-4075-b0eb-23db9fc374b4,Tanner Reserves,TAN-CRES,SU,SUL,TANNER,On reserve: Ask at Tanner reference desk,true,TANNER,TANNER,,,,,,,,,true,,,,,
7241056a-0ea6-4a38-b06f-a0fc812aebe7,Lane Digital: Mobile Resources,LANE-MOBI,SU,MED,LANE,Digital: Mobile Resources,true,LANE-DESK,LANE-DESK,,,,,,,,,,,,,Electronic,
73574208-f337-4c7d-b18f-f677100a0a95,Law Eyles Aisle,LAW-EYLESAISLE,SU,LAW,LAW,Eyles aisle,true,LAW,LAW,,,,,,,,,,,,,,
749f175f-8308-44af-8cec-5b0d4b89c3d5,Science Withdrawn,SCI-WITHDRAWN,SU,SUL,SCIENCE,Withdrawn,true,SCIENCE,SCIENCE,,,,,,,,,,,,,,
74b77223-bd65-4ad7-8995-5953c3bfe5cc,Lane Li Ka Shing Center,LANE-LKSC,SU,MED,LANE,Li Ka Shing Center,true,LANE-DESK,LANE-DESK,,,,,,,,,,,,,,
75115f9b-71d6-4106-8ab9-962f2ca9dd4c,ARS Folio,ARS-FOLIO,SU,SUL,ARS,Folios,true,ARS,ARS,,,,,ARS,,,,,,,,,
756fb9af-dcba-4b16-b783-31382d2f74d4,Art Current Periodicals,ART-CURRENTPER,SU,SUL,ART,Current periodicals,true,ART,ART,,https://stanford.stackmap.com/json/,,,,,,,,,,,,
764d4984-047f-4e51-87b1-da27d90356f4,SUL Media Preservation Lab,SUL-MEDIAPRESLAB,SU,SUL,SUL,In process,true,SULDIGITIZATION,SULDIGITIZATION,,,,,,,,In_process,,,,,,
7686811f-6840-444f-8a02-3b528854ef93,Lane Media: AV,LANE-AV,SU,MED,LANE,Media (shelved at the Information Desk),true,LANE-DESK,LANE-DESK,,,,,,,,,,,,,,
77169181-797c-4754-b8e3-85c4180ddb0a,SAL EAL Stacks Japanese,SAL-EAL-STKS-J,SU,SUL,SAL,Japanese Collection,true,SAL,SAL,,,,,,,GREEN,Offsite,,,,,,
77779df8-61f3-4475-8f2a-b7ef97ec2c96,SAL3 PAGE-MU,SAL3-PAGE-MU,SU,SUL,SAL3,For use in Music Library,true,SAL3,SAL3,,,,,MUSIC,,,Offsite,,,,,,
7796be3c-2a56-435d-a625-96f44467dc40,Spec Reference,SPEC-REF,SU,SUL,SPEC-COLL,Reference,true,SPEC,SPEC,,,SPECUA,,,,,,,,,,,
77fed1c8-4c3a-411a-926d-cbf9b686105f,SAL Newark Withdrawn Digital Substitute,SALN-WD-DIGITAL-SUB,SU,SUL,SAL-NEWARK,Digital substitute,true,SAL-NEWARK,SAL-NEWARK,,,,,,,,,,,,,,
790f0dc3-9949-4a23-9962-46b7fff42d03,Green PAGE-GR,GRE-PAGE-GR,SU,SUL,GREEN,Ask at circulation desk,true,GREEN-LOAN,GREEN-LOAN,,,,,,,,,,,,,,
794733b9-5fe8-4294-9143-ae98823e6381,Spec SAL3 Gunst,SPEC-SAL3-GUNST,SU,SUL,SPEC-COLL,Gunst Collection,true,SAL3,SAL3,,,SPECUA,,,,,,,,,,,
7af4b1bf-00f4-47bc-ba4d-d2792b5dc9d8,Marine Bio Stacks,MAR-STACKS,SU,SUL,MARINE-BIO,Stacks,true,MARINE-BIO,MARINE-BIO,,,,,,,,,,,,,,
7b26026a-8162-4053-a1be-fe017f0a6f7d,Lane Spec: Photofile,LANE-FOTOF,SU,MED,LANE,Medical History Center: By appointment only.,true,LANE-DESK,LANE-DESK,,,,,,https://lane.stanford.edu/med-history/contact.html,,,,,,,,
7b69cdf8-261e-45a5-a626-a0fa57cb053b,SAL PAGE-EA,SAL-PAGE-EA,SU,SUL,SAL,For use in East Asia Library,true,SAL,SAL,,,,,EAST-ASIA,,GREEN,Offsite,,,,,,
7b6ab449-cf76-46bb-89a1-ad577f93f858,Business Temporary Location,BUS-TEMP,SU,GSB,BUSINESS,Ask at i-Desk,true,BUS-IDESK,BUS-IDESK,,,,,,,,,,,,,,
7b6b6d77-1644-4e71-bf5b-be96eb9dadc2,Business Periodicals,BUS-PER,SU,GSB,BUSINESS,Periodicals,true,BUS-IDESK,BUS-IDESK,,,,,,,,,,,,,,
7b70fb52-055f-4bbc-bb12-bce07c48fe0b,East Asia Media,EAL-MEDIA,SU,SUL,EAST-ASIA,Media,true,EAST-ASIA,EAST-ASIA,,,,,,,,,,,,,,
7bc85f97-61aa-4f4a-a537-3d74b7625c5a,Lane Unmapped,LANE-UNMAPPED,SU,MED,LANE,Unmapped location,true,LANE-DESK,LANE-DESK,,,,,,,,,,,,,,
7bfbcbc8-7997-4b04-b3d9-bae4e90c46eb,Media Page to Media,MEDIA-PAGE-MM,SU,SUL,MEDIA-CENTER,Ask at Media Center desk,true,MEDIA-CENTER,MEDIA-CENTER,,,,,,,,,,,,,,
7c6af6ea-86ca-42a0-94b2-58edad1637a7,Spec Felton,SPEC-FELTON,SU,SUL,SPEC-COLL,Felton Collection,true,SPEC,SPEC,,,SPECUA,,,,,,,,,,,
7d62d997-f9f2-489e-aff3-04eb043d9537,Rumsey W7 Pocket Large,RUM-W7-POCKET-LG,SU,SUL,RUMSEY-MAP,Map Center (W7 large pocket maps),true,RUMSEY-MAP,RUMSEY-MAP,,,RUMSEY,,,,,,,,,,,
7de1b6d2-9de1-4cc8-b834-971359bd385e,ARS Withdrawn,ARS-WITHDRAWN,SU,SUL,ARS,Ask at desk,true,ARS,ARS,,,,,,,,,,,,,,
7e8506be-4d8b-499a-accd-6e9584510ea3,SAL Send to SAL3,SAL-SEND2SAL3,SU,SUL,SAL,Ask at circulation desk,true,SAL,SAL,,,,,,,GREEN,Offsite,,,,,,
7ea4b5ab-1725-4f47-b93b-792baf61ca27,Spec Samson,SPEC-SAMSON,SU,SUL,SPEC-COLL,Samson Collection,true,SPEC,SPEC,,,SPECUA,,,,,,,,,,,
7f02298f-6cf3-4130-8764-5cf2edd42eab,HILA Flat Files,HILA-FLATFILES,SU,HOOVER,HILA,Flat files,true,HILA,HILA,,,,,,,,,,,,,,
7f6714fa-266e-41f4-ae34-561d67cf29da,Earth Sci Shadowed,EAR-SHADOW,SU,SUL,EARTH-SCI,Ask at circulation desk,true,EARTH-SCI,EARTH-SCI,,,,,,,,,,,,,,
7fd5f273-904c-4b11-ae1b-0fb74aca1188,Green SSRC,GRE-SSRC,SU,SUL,GREEN,Jonsson Social Sciences Reading Room,true,GREEN-LOAN,GREEN-LOAN,,https://stanford.stackmap.com/json/,,,,,,,,,,,,
803f957e-4d9e-4109-82b6-fb0f3cb4b00a,Earth Sci Atlases,EAR-ATLASES,SU,SUL,EARTH-SCI,Atlases,true,EARTH-SCI,EARTH-SCI,,,,,,,,,,,,,,
825b0d52-8b5a-45b6-8698-4325bd6c1f0e,Rumsey W7 Pocket Regular,RUM-W7-POCKET-REG,SU,SUL,RUMSEY-MAP,Map Center (W7 regular pocket maps),true,RUMSEY-MAP,RUMSEY-MAP,,,RUMSEY,,,,,,,,,,,
828c4324-062d-4aa5-9960-11691b894c5b,Art Instructor,ART-INSTRUCTOR,SU,SUL,ART,On reserve: Ask at circulation desk,true,ART,ART,,,,,,,,,,,,,,
82a67d8a-15ff-46f4-b5f5-d52bbd575683,Rumsey Center Stacks Large,RUM-C-STK-LG,SU,SUL,RUMSEY-MAP,Map Center (large stacks),true,RUMSEY-MAP,RUMSEY-MAP,,,RUMSEY,,,,,,,,,,,
82d77fc4-6d63-4de9-a6b9-5056570ce060,Marine Bio Shelve by title,MAR-SHELBYTITLE,SU,SUL,MARINE-BIO,Serials,true,MARINE-BIO,MARINE-BIO,,,,,,,,,,,,,,
82dca520-b559-44b9-a9b8-27e4599ce6a0,East Asia Locked Oversized,EAL-LOCKED-OVERSIZE,SU,SUL,EAST-ASIA,Locked stacks (Oversized): Ask at circulation desk,true,EAST-ASIA,EAST-ASIA,,,EASTASIA,,,,,,,,,,,
83d9b015-df36-4eb4-b8f3-0098f54d68b4,Art Locked Stacks Medium,ART-LOCKED-MEDIUM,SU,SUL,ART,Locked stacks (Medium),true,ART,ART,,,,ART,ART,,,,,,,,,
8448faec-e4c7-425a-b284-47bf21345b79,Earth Sci PAGE-MP,EAR-PAGE-MP,SU,SUL,EARTH-SCI,For use in Branner Library,true,EARTH-SCI,EARTH-SCI,,,,,,,,,,,,,,
845b68f7-60d6-40fe-be5b-a8b01dabe1ec,SAL3 migration error,SAL3-MIGRATE-ERR,SU,SUL,SAL3,Error during migration,true,SAL3,SAL3,,,,,,,SAL3,,,,,,,
854d0fc5-066f-4282-b438-0c204ddd192a,Lane Books: Rel Title Browse,LANE-SERIES,SU,MED,LANE,Varies.,true,LANE-DESK,LANE-DESK,,,,,,,,,,,,,,
85c9abb0-55fe-4678-9d58-dde87464d5ff,Rumsey W7 Case MD,RUM-W7-CASE-MD,SU,SUL,RUMSEY-MAP,Map Center (W7 map case),true,RUMSEY-MAP,RUMSEY-MAP,,,RUMSEY,,,,,,,,,,,
860d7b3f-97c5-4e52-8b96-321b48e3f9e9,SAL Newark PAGE-GR,SALN-PAGE-GR,SU,SUL,SAL-NEWARK,For use in Green Library,true,SAL-NEWARK,SAL-NEWARK,,,,,,,,Offsite,,,,,,
86275438-fb74-4086-858e-47c3416c2fb2,East Asia Current Periodicals,EAL-CURRENTPER,SU,SUL,EAST-ASIA,Current periodicals,true,EAST-ASIA,EAST-ASIA,,https://stanford.stackmap.com/json/,,,,,,,,,,,,
8668cb04-7a3a-4307-a356-246824cffe5c,Science Withdrawn Digital Substitute,SCI-WD-DIGITAL-SUB,SU,SUL,SCIENCE,Digital substitute,true,SCIENCE,SCIENCE,,,,,,,,,,,,,,
866bf7da-7b38-429e-bb4a-6d3054469df1,Green Hohbach Magazines,GRE-HH-MAGAZINE,SU,SUL,GREEN,Hohbach Hall: Magazine Collection,true,GREEN-LOAN,GREEN-LOAN,,https://stanford.stackmap.com/json/,,,,,,,,,,,,
8685fae1-30e6-440b-ac30-c58f0a9190c3,Business i-Desk,BUS-ATCIRCDESK,SU,GSB,BUSINESS,Ask at i-Desk,true,BUS-IDESK,BUS-IDESK,,,,,,,,,,,,,,
8726b10e-ba66-483f-808c-b0d34265f9df,Business Shadowed,BUS-SHADOW,SU,GSB,BUSINESS,Ask at i-Desk,true,BUS-IDESK,BUS-IDESK,,,,,,,,,,,,,,
87c0e716-a457-43d7-b27e-3d774585b000,Law Wellness,LAW-WELLNESS,SU,LAW,LAW,Wellness collection,true,LAW,LAW,,,,,,,,,,,,,,
8842590b-51dd-4bee-b9e8-02f6362e8937,Science Retired Reference,SCI-RETIRED-REF,SU,SUL,SCIENCE,Retired Reference,true,SCIENCE,SCIENCE,,,,,,,,,,,,,,
891ca554-5109-419a-bd01-d647944a40ea,Spec Manuscript,SPEC-MANUSCRIPT,SU,SUL,SPEC-COLL,Manuscript Collection,true,SPEC,SPEC,,,SPECUA,,,,,,,,,,,
8a591b2f-6075-42d2-8be2-938ab9bcbcc9,Marine Bio Graphic Novel,MAR-GRAPHIC-NOVEL,SU,SUL,MARINE-BIO,Graphic novels,true,MARINE-BIO,MARINE-BIO,,,,,,,,,,,,,,
8b1d47da-1f1b-49ba-b1b7-bd30b51c409c,Business Locked Stacks,BUS-LOCKED,SU,GSB,BUSINESS,Locked stacks: Ask at i-Desk,true,BUS-IDESK,BUS-IDESK,,,,,,,,,,,,,,
8b85574f-6051-4cec-8ad7-440cd9d92035,Marine Bio Locked Stacks,MAR-LOCKED-STACKS,SU,SUL,MARINE-BIO,Locked stacks: Ask at circulation desk,true,MARINE-BIO,MARINE-BIO,,,,,,,,,,,,,,
8ba748ec-cd47-4b71-a532-521c970e8ed7,Earth Sci Processing - JC,EAR-PROCESSING-JC,SU,SUL,EARTH-SCI,In process,true,EARTH-SCI,EARTH-SCI,,,,,,,,,,,,,,
8bab25f6-b762-4192-b88f-addc9016d30e,HILA migration error,HILA-MIGRATE-ERR,SU,HOOVER,HILA,Error during migration,true,HILA,HILA,,,,,,,,,,,,,,
8c25edbe-7a5e-496b-8cef-e7f9e2b7cabc,Education Reference,EDU-REF,SU,SUL,EDUCATION,Jonsson Social Sciences Reading Room: Education Reference,true,EDUCATION,EDUCATION,,,,,,,,,,,,,,
8cb70929-f4ec-439c-a263-6f6f6810a07f,Green Raub Numismatic,GRE-RAUB-NUM,SU,SUL,GREEN,Frank L. Kovacs Numismatic Library,true,GREEN-LOAN,GREEN-LOAN,,https://stanford.stackmap.com/json/,,,,,,,,,,,,
8d774062-28be-4e3a-8755-58ef972ec2d4,ARS migration error,ARS-MIGRATE-ERR,SU,SUL,ARS,Error during migration,true,ARS,ARS,,,,,,,,,,,,,,
8e7ca4d1-4137-4e72-89eb-d78257db4819,Rumsey W7 Box Small,RUM-W7-BOX-SM,SU,SUL,RUMSEY-MAP,Map Center (W7 small box),true,RUMSEY-MAP,RUMSEY-MAP,,,RUMSEY,,,,,,,,,,,
8f16bbad-14db-4336-a7f6-4e65036de109,Marine Bio Reserves,MAR-CRES,SU,SUL,MARINE-BIO,On reserve: Ask at Marine Biology circulation desk,true,MARINE-BIO,MARINE-BIO,,,,,,,,,true,,,,,
903610b9-9c31-4c50-b3a4-fc977da4d091,Marine Bio Shelved Elsewhere,MAR-SEE-OTHER,SU,SUL,MARINE-BIO,See linked record to request items bound together,true,MARINE-BIO,MARINE-BIO,,,,,,,,,,,,,,
908d68ff-4e1d-4235-ba1a-6cfb88480c67,Law Shadowed,LAW-SHADOW,SU,LAW,LAW,Ask at circulation desk,true,LAW,LAW,,,,,,,,,,,,,,
909e3ef1-211b-4613-8511-370f9b66ac2d,Earth Sci Storage Locked,EAR-STOR-LOCKED,SU,SUL,EARTH-SCI,Locked storage: Ask at circulation desk,true,EARTH-SCI,EARTH-SCI,,,,,,,,,,,,,,
920e71ee-5ea3-4934-a878-7fe64b1fc8fc,Science Circ Desk,SCI-ATCIRCDESK,SU,SUL,SCIENCE,Ask at circulation desk,true,SCIENCE,SCIENCE,,,,,,,,,,,,,,
9250994b-590a-47ce-9301-1e36ff2a49eb,Rumsey Center Shadowed,RUM-SHADOW,SU,SUL,RUMSEY-MAP,Ask at desk,true,RUMSEY-MAP,RUMSEY-MAP,,,RUMSEY,,,,,,,,,,,
92da9437-65b9-4aaa-b7ed-e354e9c76587,Business Computer File,BUS-COMPF,SU,GSB,BUSINESS,Computer files: Ask at i-Desk,true,BUS-IDESK,BUS-IDESK,,,,,,,,,,,,,,
92f0d68c-a7ee-42b6-a902-bb78b8d67c76,Art migration error,ART-MIGRATE-ERR,SU,SUL,ART,Error during migration,true,ART,ART,,,,,,,,,,,,,,
9334a710-0c76-4404-9cb0-07f61b4c39fb,Spec SAL3 Media,SPEC-SAL3-MEDIA,SU,SUL,SPEC-COLL,Media,true,SAL3,SAL3,,,SPECUA,,,,,,,,,,,
945f7cdb-89fd-4be8-a70f-17e10fdb784b,East Asia Scan Review,EAL-SCANREVIEW,SU,SUL,EAST-ASIA,In process,true,EAST-ASIA,EAST-ASIA,,,,,,,,,,,,,,
9523510d-2afa-47fd-8310-eaf8e690479e,Business Reserves,BUS-CRES,SU,GSB,BUSINESS,On reserve: Ask at Business i-Desk,true,BUS-IDESK,BUS-IDESK,,,,,,,,,true,,,,,
9532a131-63a9-418c-9c3f-5092dbf5a143,Lane Spec: Vertical File,LANE-HSFLE,SU,MED,LANE,Medical History Center: By appointment only.,true,LANE-DESK,LANE-DESK,,,,,,https://lane.stanford.edu/med-history/contact.html,,,,,,,,
9539a651-1428-4be9-be2b-f9bb18a4a174,SAL3 Shadowed,SAL3-SHADOW,SU,SUL,SAL3,Withdrawn,true,SAL3,SAL3,,,,,,,,,,,,,,
954d0e35-8eb1-4a0c-8787-cbdd889eafd3,Lane Error: Loc Problem in Acq,LANE-NLOC,SU,MED,LANE,Error: Location Problem,true,LANE-DESK,LANE-DESK,,,,,,,,,,,,,,
95ba773a-ca0e-44cf-9c07-7477d97e64e9,Tanner Reference,TAN-REF,SU,SUL,TANNER,Reference,true,TANNER,TANNER,,,,,,,,,,,,,,
96249f49-22ab-48cf-93c9-bd418a2593fa,Eng Shadowed,ENG-SHADOW,SU,SUL,ENG,Ask at circulation desk,true,ENG,ENG,,,,,,,,,,,,,,
969dd3ad-2305-443b-b8c4-eb9b7458c1ce,SAL3 Withdrawn Digital Substitute,SAL3-WD-DIGITAL-SUB,SU,SUL,SAL3,Digital substitute,true,SAL3,SAL3,,,,,,,,,,,,,,
96b4a096-2a33-4cd0-9e8f-a887cf4306ae,Spec migration error,SPEC-MIGRATE-ERR,SU,SUL,SPEC-COLL,Error during migration,true,SPEC,SPEC,,,SPECUA,,,,,,,,,,,
96bb62ce-58a4-4b66-a52b-f925a09aeb36,SAL Federal Docs,SAL-FED-DOCS,SU,SUL,SAL,US Federal Documents,true,SAL,SAL,,,,,,,GREEN,Offsite,,Federal,,,,
975231f5-ab3b-46ab-b4b2-4481fc8c4405,Green HAS Reading Room,GRE-HASRC,SU,SUL,GREEN,Lane Reading Room: Reference,true,GREEN-LOAN,GREEN-LOAN,,https://stanford.stackmap.com/json/,,,,,,,,,,,,
97c34325-7cb4-4baf-ac17-7425cb7caf6c,East Asia PAGE-EA,EAL-PAGE-EA,SU,SUL,EAST-ASIA,Ask at circulation desk,true,EAST-ASIA,EAST-ASIA,,,,,,,,,,,,,,
982d671f-1f95-49ce-8878-05787c89cfde,Law Folio Basement,LAW-FOLIO-BASEMENT,SU,LAW,LAW,Folios in the basement,true,LAW,LAW,,,,,,,,,,,,,,
9a0e5db7-2dda-4bdd-bca1-840f4d028b2b,Education migration error,EDU-MIGRATE-ERR,SU,SUL,EDUCATION,Error during migration,true,EDUCATION,EDUCATION,,,,,,,,,,,,,,
9a3a127f-d7db-4e2e-bc0c-31868b8cf007,HILA Archival Processing,HILA-ARCHIVAL-PROCESSING,SU,HOOVER,HILA,In process: Archival processing,true,HILA,HILA,,,,,,,,,,,,,,
9b3b957b-0d72-4407-b0f2-a0099cdd1e3f,Lane Spec: Archives Class,LANE-ARCH,SU,MED,LANE,Medical History Center: By appointment only.,true,LANE-DESK,LANE-DESK,,,,,,https://lane.stanford.edu/med-history/contact.html,,,,,,,,
9b4fbbc7-c0a8-4597-94c5-8c45903a5cdc,Rumsey W7 Sanborn,RUM-W7-SANBORN,SU,SUL,RUMSEY-MAP,Map Center (W7 Sanborn case),true,RUMSEY-MAP,RUMSEY-MAP,,,RUMSEY,,,,,,,,,,,
9bd34db9-c70a-4322-9dcc-a5bb4860c777,Rumsey Center Shelved Elsewhere,RUM-SEE-OTHER,SU,SUL,RUMSEY-MAP,See linked record to request items bound together,true,RUMSEY-MAP,RUMSEY-MAP,,,RUMSEY,,,,,,,,,,,
9bd8dc35-7df9-4b3e-abd8-abd8773e00b8,East Asia Locked Stacks,EAL-LOCKED,SU,SUL,EAST-ASIA,Locked stacks: Ask at circulation desk,true,EAST-ASIA,EAST-ASIA,,,EASTASIA,,,,,,,,,,,
9c2d3584-1cef-49a4-90bd-0b387be8a07d,Music Reserves,MUS-CRES,SU,SUL,MUSIC,On reserve: Ask at Music circulation desk,true,MUSIC,MUSIC,,,,,,,,,true,,,,,
9c92e9ba-bfaa-4b83-bb05-a556d5284f09,Law Vrooman 1st floor,LAW-VROOMAN,SU,LAW,LAW,"Vrooman collection, 1st floor",true,LAW,LAW,,,,,,,,,,,,,,
9d0737d0-ee3b-4474-8577-8df64eb1a9d0,Rumsey W7 Stacks Large,RUM-W7-STK-LG,SU,SUL,RUMSEY-MAP,Map Center (W7 large stacks),true,RUMSEY-MAP,RUMSEY-MAP,,,RUMSEY,,,,,,,,,,,
9d4f8832-4c6c-4451-8668-dc24daf51ce5,HILA Tiny,HILA-TINY,SU,HOOVER,HILA,Miniature,true,HILA,HILA,,,,,,,,,,,,,,
9d914ecd-1636-47fd-938b-c57c20bb8ce8,Lane Exam Reviews,LANE-ERQC,SU,MED,LANE,Exam Review Books (shelved at Information Desk),true,LANE-DESK,LANE-DESK,,,,,,,,,,,,,,
9e878ce7-10db-47f9-b136-01bf91b27bb9,East Asia Newspapers,EAL-NEWSPAPERS,SU,SUL,EAST-ASIA,Newspapers,true,EAST-ASIA,EAST-ASIA,,,,,,,,,,,,,,
9e9c1b18-ea95-4bce-92fa-11628b7a488e,Business Shelved Elsewhere,BUS-SEE-OTHER,SU,GSB,BUSINESS,See linked record,true,BUS-IDESK,BUS-IDESK,,,,,,,,,,,,,,
9ec3833a-10ef-427e-afee-7de701ce7f2c,SAL3 PAGE-GR,SAL3-PAGE-GR,SU,SUL,SAL3,For use in Green Library,true,SAL3,SAL3,,,,,GREEN-LOAN,,SAL3,Offsite,,,,,,
9f015af5-208c-49b3-9a43-4f079fb4f699,Law Shadow Order,LAW-SHADOW-ORD,SU,LAW,LAW,On order,true,LAWTS,LAWTS,,,,,,,,,,,,,,
9f085820-08a3-43bd-a080-44f65fb67b1e,East Asia Japanese,EAL-JAPANESE,SU,SUL,EAST-ASIA,Japanese collection,true,EAST-ASIA,EAST-ASIA,,https://stanford.stackmap.com/json/,,,,,,,,,,,,
9f7de6a8-73db-433c-87e9-a896a71b2ed9,Science Instructor,SCI-INSTRUCTOR,SU,SUL,SCIENCE,On reserve: Ask at circulation desk,true,SCIENCE,SCIENCE,,,,,,,,,,,,,,
a0796b66-de30-4d44-9e82-08afd2b71824,Green HAS CA,GRE-HAS-CA,SU,SUL,GREEN,Lane Reading Room: California history,true,GREEN-LOAN,GREEN-LOAN,,https://stanford.stackmap.com/json/,,,,,,,,,,,,
a0a411d3-6243-49aa-98b0-24374cd8897e,Green SSRC New Book Shelf,GRE-SSRC-NEWBOOK,SU,SUL,GREEN,Jonsson Social Sciences Reading Room: New books,true,GREEN-LOAN,GREEN-LOAN,,https://stanford.stackmap.com/json/,,,,,,,,,,,,
a11994fe-9b57-42ab-89e9-64fa2df08b31,East Asia Folios Korean,EAL-FOLIO-KOREAN,SU,SUL,EAST-ASIA,Korean folios,true,EAST-ASIA,EAST-ASIA,,,,,,,,,,,,,,
a13680b4-8d74-452c-8f7d-057d81b8e7e9,East Asia Shadowed,EAL-SHADOW,SU,SUL,EAST-ASIA,Ask at circulation desk,true,EAST-ASIA,EAST-ASIA,,,,,,,,,,,,,,
a148f1ad-7bf4-44fe-ae27-c63ba43f0bed,East Asia Withdrawn Digital Substitute,EAL-WD-DIGITAL-SUB,SU,SUL,EAST-ASIA,Digital substitute,true,EAST-ASIA,EAST-ASIA,,,,,,,,,,,,,,
a18f5612-e6b4-49e8-b13e-87a95390f10e,Green IC Send to SAL3,GRE-IC-SEND2SAL3,SU,SUL,GREEN,Ask at circulation desk,true,GREEN-LOAN,GREEN-LOAN,,,,,,,,,,,,,,
a19fa3e9-687b-47fe-aa7b-09d06bcdac6d,Lane Ref: LC Class,LANE-REF,SU,MED,LANE,Reference (Upstairs),true,LANE-DESK,LANE-DESK,,,,,,,,,,,,,,
a1e48e5a-5a5a-49b1-a7f1-0d248ef26f04,ARS Inprocess,ARS-INPROCESS,SU,SUL,ARS,In process,true,ARS,ARS,,,,,ARS,,,In_process,,,,,,
a2b544b8-4087-4b1e-bef2-e27be9faa7f0,Media Microfiche Diazo,MEDIA-DIZOCAB,SU,SUL,MEDIA-CENTER,Microfiche collection,true,MEDIA-CENTER,MEDIA-CENTER,,https://stanford.stackmap.com/json/,,,,,,,,,,,,
a40bcc60-22cd-4e42-be64-79bb23ea9fb0,Spec SAL3 Manuscript,SPEC-SAL3-MSS,SU,SUL,SPEC-COLL,Manuscript Collection,true,SAL3,SAL3,,,SPECUA,,,,,,,,,,,
a40c30e4-9330-455c-84b3-16717aa1cf25,Green Courtesy Hold Shelf,GRE-COURTESY-HOLD,SU,SUL,GREEN,Ask at circulation desk,true,GREEN-LOAN,GREEN-LOAN,,https://stanford.stackmap.com/json/,,,,,,,,,,,,
a442d5bb-2b88-486a-b07a-85a01ceedd14,Science Tech Processor,SCI-TECH-PROCESSOR,SU,SUL,SCIENCE,In process,true,SCIENCE,SCIENCE,,,,,,,,,,,,,,
a452dd96-7821-4dc9-9553-baa820b9e7ea,Tanner Shelved Elsewhere,TAN-SEE-OTHER,SU,SUL,TANNER,See linked record to request items bound together,true,TANNER,TANNER,,,,,,,,,,,,,,
a477738b-533e-4749-b62c-a18e7653a59a,Marine Bio Popsci,MAR-POPSCI,SU,SUL,MARINE-BIO,Popular science,true,MARINE-BIO,MARINE-BIO,,,,,,,,,,,,,,
a480fa70-db7a-4e4d-b4fd-ab986e388d50,Rumsey W7 Stacks Ref,RUM-W7-STK-REF,SU,SUL,RUMSEY-MAP,Map Center (W7 reference),true,RUMSEY-MAP,RUMSEY-MAP,,,RUMSEY,,,,,,,,,,,
a55c4283-9f59-4468-aa32-0330c7073b89,Green CDP,GRE-CDPSHADOW,SU,SUL,GREEN,Ask at circulation desk,true,GREEN-LOAN,GREEN-LOAN,,https://stanford.stackmap.com/json/,,,,,,,,,,,,
a5e43a69-6b28-4998-a8b3-c776e11e341b,Rumsey W7 Rolled,RUM-W7-ROLLED,SU,SUL,RUMSEY-MAP,Map Center (W7 rolled),true,RUMSEY-MAP,RUMSEY-MAP,,,RUMSEY,,,,,,,,,,,
a62eec61-b324-4cc6-b2dd-2fa0e4f3a332,Law Outdoor Travel,LAW-OUTDOOR-TRAVEL,SU,LAW,LAW,Outdoors & travel,true,LAW,LAW,,,,,,,,,,,,,,
a8676073-7520-4f26-8573-55976301ab5d,Green Flat Folios,GRE-FOLIO-FLAT,SU,SUL,GREEN,Flat folios,true,GREEN-LOAN,GREEN-LOAN,,https://stanford.stackmap.com/json/,,,,,,,,,,,,
a912df31-2144-4f7a-a8bb-e1e299e4bae9,Music Miniatures,MUS-MINIATURE,SU,SUL,MUSIC,Miniature,true,MUSIC,MUSIC,,,,,,,,,,,,,,
a91cfa9a-dae4-41d3-acac-8b8c20496a13,Media Stacks,MEDIA-STACKS,SU,SUL,MEDIA-CENTER,Stacks,true,MEDIA-CENTER,MEDIA-CENTER,,https://stanford.stackmap.com/json/,,,,,,,,,,,,
a93811d6-a2c9-4ad8-96d1-2cd7f924cd3b,Green CPR Bindery,GRE-CPR-BINDERY,SU,SUL,GREEN,Ask at circulation desk,true,GREEN-LOAN,GREEN-LOAN,,,,,,,,,,,,,,
aac29d19-e657-487a-a5ba-5c82a50a66b9,Lane Per: Oversize,LANE-OVPER,SU,MED,LANE,Periodicals: Oversize (Downstairs),true,LANE-DESK,LANE-DESK,,,,,,,,,,,,,,
aaf03d00-4622-4f06-b292-e99bd6b8b164,Law Bindery Prep,LAW-BINDERYPREP,SU,LAW,LAW,Law Bindery Prep,true,LAWTS,LAWTS,,,,,,,,,,,,,,
ab533662-a7be-4fe9-8a60-ed1748cfd561,Science Reference,SCI-REF,SU,SUL,SCIENCE,Reference,true,SCIENCE,SCIENCE,,,,,,,,,,,,,,
ab610906-5dbb-4e70-a7b6-9b92c995d75e,Earth Sci Processing - TR,EAR-PROCESSING-TR,SU,SUL,EARTH-SCI,In process,true,EARTH-SCI,EARTH-SCI,,,,,,,,,,,,,,
abf9bf07-1979-498d-9997-678d4d9557bf,Art Reference,ART-REF,SU,SUL,ART,Reference,true,ART,ART,,https://stanford.stackmap.com/json/,,,,,,,,,,,,
ac8b8f66-ca71-462c-82ee-00c9024f0b11,Lane Per: A-Z,LANE-PER,SU,MED,LANE,Periodicals (Downstairs),true,LANE-DESK,LANE-DESK,,,,,,,,,,,,,,
ad2b5fbb-1864-4185-888a-b0258440249b,SAL Newark Locked Stacks,SALN-LOCKED-STACKS,SU,SUL,SAL-NEWARK,Locked stacks: Ask at Green circulation desk,true,SAL-NEWARK,SAL-NEWARK,,,,,,,,Offsite,,,,,,
ad343b04-9fb3-4ac0-b7cd-4d4e0344c52e,Law Technical Services,LAW-TS,SU,LAW,LAW,In Technical Services,true,LAWTS,LAWTS,,,,,,,,,,,,,,
add255b8-6dac-42c7-84bd-6a8406bb6179,Rumsey Center PAGE-RM,RUM-PAGE-RM,SU,SUL,RUMSEY-MAP,For use in David Rumsey Map Center,true,RUMSEY-MAP,RUMSEY-MAP,,,RUMSEY,,,,,,,,,,,
af227952-00c7-4b76-af7d-15c51589d05c,Business Iron Mt,BUS-IRONMT,SU,GSB,BUSINESS,Offsite,true,BUS-IDESK,BUS-IDESK,,,,,,,,Offsite,,,,,,
afd57c4b-ed4d-4f31-97e9-98bad8d432ef,Lane Staff: Lib Lit,LANE-LIBR,SU,MED,LANE,Library Staff Collection (Lane Staff Use Only),true,LANE-DESK,LANE-DESK,,,,,,,,,,,,,,
b0402b41-91a9-4ec3-8c91-47e725e7fdf5,SAL3 PAGE-LP,SAL3-PAGE-LP,SU,SUL,SAL3,Request for pickup at Music Library or Green Media Center,true,SAL3,SAL3,,,,,"MUSIC,MEDIA-CENTER",,,Offsite,,,,,,
b0a1a8c3-cc9a-487c-a2ed-308fc3a49a91,SUL Electronic,SUL-ELECTRONIC,SU,SUL,SUL,online resource,true,Online,Online,,,,,,,,,,,,,,
b10c99ae-f713-44b8-9011-6e6f25624694,Media Microfiche Art,MEDIA-ARTCAB,SU,SUL,MEDIA-CENTER,Microfiche collection,true,MEDIA-CENTER,MEDIA-CENTER,,https://stanford.stackmap.com/json/,,,,,,,,,,,,
b155677d-ad15-453f-a8f5-f8b2a22fff9d,SAL3 PAGE-MD,SAL3-PAGE-MD,SU,SUL,SAL3,For use in Music Library or Green Media Center,true,SAL3,SAL3,,,,,"MUSIC,MEDIA-CENTER",,,Offsite,,,,,,
b169bf39-eb1c-4696-9591-06b29b1cabc8,Science Safety,SCI-SAFETY,SU,SUL,SCIENCE,Safety Collection,true,SCIENCE,SCIENCE,,,,,,,,,,,,,,
b18fd4ba-4df0-4a66-85db-a6e9a595ecec,Law Book Cabinet,LAW-BOOKCABINET,SU,LAW,LAW,Teaming room: book cabinet,true,LAWBC,LAWBC,,,,,,,,,,,,,,
b26d05ad-80a3-460d-8b49-00ddb72593bc,ARS Locked Stacks,ARS-LOCKED,SU,SUL,ARS,Locked stacks: Ask at desk,true,ARS,ARS,,,ARS,,,,,,,,,,,
b338723f-41c2-42a0-8e26-70c5c226e321,Music migration error,MUS-MIGRATE-ERR,SU,SUL,MUSIC,Error during migration,true,MUSIC,MUSIC,,,,,,,,,,,,,,
b36b1c61-b132-41b1-ac13-e249e8d4dda4,Eng Reserves,ENG-CRES,SU,SUL,ENG,On reserve: Ask at Engineering circulation desk,true,ENG,ENG,,,,,,,,,true,,,,,
b38e6346-38bb-4e85-a852-b2975bad1656,Marine Bio PAGE-MA,MAR-PAGE-MA,SU,SUL,MARINE-BIO,Ask at circulation desk,true,MARINE-BIO,MARINE-BIO,,,,,,,,,,,,,,
b3c21054-1eb1-4e6f-94d3-786fa23ccb55,SAL Newark migration error ,SALN-MIGRATE-ERR,SU,SUL,SAL-NEWARK,Error during migration,true,SAL-NEWARK,SAL-NEWARK,,,,,,,,,,,,,,
b3d15dd8-a053-4c06-93e9-e76e2dc59385,Media Cage Stacks,MEDIA-CAGE,SU,SUL,MEDIA-CENTER,Ask at Media Center desk,true,MEDIA-CENTER,MEDIA-CENTER,,https://stanford.stackmap.com/json/,,,,,,,,,,,,
b3d3a93a-db85-4d91-af1d-53e605d62341,Lane Spec: LC Oversize - Flat,LANE-SFLAT,SU,MED,LANE,Medical History Center: By appointment only.,true,LANE-DESK,LANE-DESK,,,,,,https://lane.stanford.edu/med-history/contact.html,,,,,,,,
b4a84835-1933-4f46-9056-61b74fc064d6,Law Special Collections,LAW-SPECIALCOLLECTIONS,SU,LAW,LAW,Special Collections,true,LAW,LAW,,,,,,,,,,,,,,
b516689f-d96f-4c74-8b7a-86a4eb01624c,Earth Sci Locked Maps,EAR-LOCKED-MAPS,SU,SUL,EARTH-SCI,Locked map files: Ask at circulation desk,true,EARTH-SCI,EARTH-SCI,,,,,,,,,,,,,,
b59a9dbd-68b2-4eb7-a7c8-2c079e7a4b7a,Art Shadowed,ART-SHADOW,SU,SUL,ART,Ask at circulation desk,true,ART,ART,,,,,,,,,,,,,,
b5ec2962-ec69-4f15-8afc-f14cc9729982,SUL Shadowed,SUL-SHADOW,SU,SUL,SUL,Ask at circulation desk,true,Online,Online,,,,,,,,,,,,,,
b5f0c1f6-d478-439e-bb0b-aed25febef4a,Education Instructor,EDU-INSTRUCTOR,SU,SUL,EDUCATION,On reserve: Ask at circulation desk,true,EDUCATION,EDUCATION,,,,,,,,,,,,,,
b7169013-5970-42a4-94a6-54067010127e,Lane Spec: Arabic Oversize,LANE-ARASZ,SU,MED,LANE,Medical History Center: By appointment only.,true,LANE-DESK,LANE-DESK,,,,,,https://lane.stanford.edu/med-history/contact.html,,,,,,,,
b73458dd-43c3-46c2-9910-7cd76e6c697f,Music Recordings,MUS-RECORDINGS,SU,SUL,MUSIC,Recordings,true,MUSIC,MUSIC,,,,,,,,,,,,,,
b76c2c92-5497-4147-bf43-c46159619600,Music PAGE-MU,MUS-PAGE-MU,SU,SUL,MUSIC,Ask at circulation desk,true,MUSIC,MUSIC,,,,,,,,,,,,,,
b8621e0a-cecb-4835-b65d-1f9219b3c6ed,ARS Shelved Elsewhere,ARS-SEE-OTHER,SU,SUL,ARS,See linked record to request items bound together,true,ARS,ARS,,,,,,,,,,,,,,
b96a3a7a-a4a2-42e3-845c-7a35f18c04e5,Earth Sci Withdrawn Digital Substitute,EAR-WD-DIGITAL-SUB,SU,SUL,EARTH-SCI,Digital substitute,true,EARTH-SCI,EARTH-SCI,,,,,,,,,,,,,,
ba497993-2544-4a16-a80e-1a5dbd93843f,Green Staff Shadow,GRE-STAFFSHADOW,SU,SUL,GREEN,Ask at circulation desk,true,GREEN-LOAN,GREEN-LOAN,,,,,,,,,,,,,,
ba7c343b-d2f1-4625-a26a-1afaa3228dff,Green Shelved Elsewhere,GRE-SEE-OTHER,SU,SUL,GREEN,See linked record to request items bound together,true,GREEN-LOAN,GREEN-LOAN,,,,,,,,,,,,,,
baae3735-97c5-486d-9c6b-c87c41ae51ab,SUL migration error,SUL-MIGRATE-ERR,SU,SUL,SUL,Error during migration,true,Online,Online,,,,,,,,,,,,,,
bb15c21e-d1fb-4e63-b2e1-dc558c53c0fb,Earth Sci Display - Mezz,EAR-DISPLAY-MEZZ,SU,SUL,EARTH-SCI,Display shelves: Mezzanine,true,EARTH-SCI,EARTH-SCI,,,,,,,,,,,,,,
bb2be20e-a335-43dd-b2ec-b19daf7350a0,Marine Bio Baldridge,MAR-BALDRIDGE,SU,SUL,MARINE-BIO,Baldridge room,true,MARINE-BIO,MARINE-BIO,,,,,,,,,,,,,,
bb2da723-5d29-405b-8a4c-44712cb9fdb6,Music Locked Stacks,MUS-LOCKED,SU,SUL,MUSIC,Locked stacks: Ask at circulation desk,true,MUSIC,MUSIC,,,,,,,,,,,,,,
bb7bd5d2-5b97-4fc6-9dfd-b26a1c14e43f,SAL Pageable,SAL-PAGE,SU,SUL,SAL,Stacks,true,SAL,SAL,,,,,,,GREEN,Offsite,,,,,,
bba1e70e-30f4-4d8e-b1e5-36a215f69f18,HILA Folios,HILA-FOLIO,SU,HOOVER,HILA,Folios,true,HILA,HILA,,,,,,,,,,,,,,
bbef8f91-924c-42e1-829d-83e256c7afdc,SUL TS Maintenance,SUL-TS-MAINTENANCE,SU,SUL,SUL,In process,true,SULTS,SULTS,,,,,,,,In_process,,,,,,
bc8d1e1b-25d6-4236-b7e7-3c42f65bc0c1,Law Vrooman Oversize,LAW-VROOMAN-OV,SU,LAW,LAW,"Vrooman collection, 1st floor oversized",true,LAW,LAW,,,,,,,,,,,,,,
bcbb5d78-886e-4a25-9cf9-19cce7a967fa,Earth Sci Staff Shadow,EAR-STAFFSHADOW,SU,SUL,EARTH-SCI,Ask at circulation desk,true,EARTH-SCI,EARTH-SCI,,,,,,,,,,,,,,
bdcdf870-561d-4e20-b2a2-0f402abfc52b,SUL Shadow Order,SUL-SHADOW-ORD,SU,SUL,SUL,On order,true,SULTS,SULTS,,,,,,,,,,,,,,
be3fc508-9770-441b-a27d-40226baf5093,SUL TS Conservation Services,SUL-TS-CONSERVATIONSERVICES,SU,SUL,SUL,In Conservation Services,true,SULCONSER,SULCONSER,,,,,,,,In_process,,,,,,
bef18917-8809-48da-b3b3-966010fd330a,Spec SAL3 Felton,SPEC-SAL3-FELTON,SU,SUL,SPEC-COLL,Felton Collection,true,SAL3,SAL3,,,SPECUA,,,,,,,,,,,
bef9e4c4-2072-426e-943c-4f0a115c32e0,Lane Spec: Arabic,LANE-ARAB,SU,MED,LANE,Medical History Center: By appointment only.,true,LANE-DESK,LANE-DESK,,,,,,https://lane.stanford.edu/med-history/contact.html,,,,,,,,
bf11ec11-1343-42e3-ad93-163ce3ec1bf4,SUL TS Cataloging Shelf,SUL-TS-CATALOGING-SHELF,SU,SUL,SUL,In process,true,SULTS,SULTS;SULMD,,,,,,,,In_process,,,,,,
bf42be75-fd71-4efc-8167-30fb30512784,Earth Sci Mezzanine,EAR-MEZZANINE,SU,SUL,EARTH-SCI,Mezzanine,true,EARTH-SCI,EARTH-SCI,,,,,,,,,,,,,,
bf8d7cef-ceea-480f-a5cf-d81cbeb0a168,SAL3 PAGE-EA,SAL3-PAGE-EA,SU,SUL,SAL3,For use in East Asia Library,true,SAL3,SAL3,,,,,EAST-ASIA,,,Offsite,,,,,,
bfccc77a-ca0e-45fa-ab0a-c35b6b460d48,East Asia Folios Japanese,EAL-FOLIO-JAPANESE,SU,SUL,EAST-ASIA,Japanese folios,true,EAST-ASIA,EAST-ASIA,,,,,,,,,,,,,,
bffa197c-a6db-446c-96f7-e1fd37a8842e,Business Newspaper Stacks,BUS-NEWS-STKS,SU,GSB,BUSINESS,Newspapers,true,BUS-IDESK,BUS-IDESK,,,,,,,,,,,,,,
c0107468-5d72-4c59-b70c-57e8e86f9444,Earth Sci Special Projects,EAR-SPECIALPROJECTS,SU,SUL,EARTH-SCI,In process,true,EARTH-SCI,EARTH-SCI,,,,,,,,,,,,,,
c0272bbf-6304-41b2-8fdb-d313a1c4452d,Green SSRC SSDS,GRE-SSRC-SSDS,SU,SUL,GREEN,Velma Denning Room (Social Science Data and Software),true,GREEN-LOAN,GREEN-LOAN,,https://stanford.stackmap.com/json/,,,,,,,,,,,,
c0808b43-72bf-43a2-a82f-5b006945a9b5,Tanner Shelved by Title,TAN-SHELBYTITLE,SU,SUL,TANNER,Serials,true,TANNER,TANNER,,,,,,,,,,,,,,
c0928a16-bdaa-4971-b230-5a7acb968db7,Green Raub Collection,GRE-RAUB-COLL,SU,SUL,GREEN,Raubitschek Collection of Papyrology and Epigraphy,true,GREEN-LOAN,GREEN-LOAN,,https://stanford.stackmap.com/json/,,,,,,,,,,,,
c15fded5-070b-4bc5-825a-24f6c2f1adac,SAL Newark Stacks,SALN-STACKS,SU,SUL,SAL-NEWARK,Stacks,true,SAL-NEWARK,SAL-NEWARK,,,,,,,,Offsite,,,,,,
c1695bec-272c-4804-996a-ae5652a22b73,Marine Bio migration error,MAR-MIGRATE-ERR,SU,SUL,MARINE-BIO,Error during migration,true,MARINE-BIO,MARINE-BIO,,,,,,,,,,,,,,
c1d17cec-9114-4d17-bb5a-ec5e206add4c,Earth Sci Processing - AP,EAR-PROCESSING-AP,SU,SUL,EARTH-SCI,In process,true,EARTH-SCI,EARTH-SCI,,,,,,,,,,,,,,
c254df28-cd05-4772-b4e4-d0f4820e911c,Music Folio,MUS-FOLIO,SU,SUL,MUSIC,Folios,true,MUSIC,MUSIC,,,,,,,,,,,,,,
c4513d44-bd50-44e5-93cd-13c499fe4142,Rumsey W7 Stacks XL,RUM-W7-STK-XL,SU,SUL,RUMSEY-MAP,Map Center (W7 x-large stacks),true,RUMSEY-MAP,RUMSEY-MAP,,,RUMSEY,,,,,,,,,,,
c4fcfef9-6f9b-4555-a84b-0b921bd6ead7,Science Shelved by Series,SCI-SHELBYSERIES,SU,SUL,SCIENCE,Serials,true,SCIENCE,SCIENCE,,,,,,,,,,,,,,
c567d73a-898d-4029-8b39-afca5eb79ade,Spec Inprocess UA,SPEC-INPROCESS-UA,SU,SUL,SPEC-COLL,In process,true,SPEC,SPEC,,,,,,,,In_process,,,,,,
c6815a51-925c-47a0-8803-4a7ace6ac1a8,Science New Books,SCI-NEWBOOK,SU,SUL,SCIENCE,New books shelf,true,SCIENCE,SCIENCE,,,,,,,,,,,,,,
c6b1c34f-8b0e-4a16-b842-17d4e0d8add3,Green SSRC Atlases,GRE-SSRC-ATLAS,SU,SUL,GREEN,Jonsson Social Sciences Reading Room: Atlas stand,true,GREEN-LOAN,GREEN-LOAN,,https://stanford.stackmap.com/json/,,,,,,,,,,,,
c6ce7052-e365-47d5-a98d-41daf68e7a1f,Law Electronic,LAW-ELECTRONIC,SU,LAW,LAW,Online resource,true,LAW,LAW,,,,,,,,,,,,,,
c6d02c27-4da7-472a-a209-0e2f3a390fc1,Law Catalog Maintenance,LAW-CATMAINT,SU,LAW,LAW,Catalog Maintenance,true,LAWTS,LAWTS,,,,,,,,,,,,,,
c6df559a-6324-482f-9b39-7f4edbdb60ba,Music Microtext,MUS-MICROTEXT,SU,SUL,MUSIC,Microtext,true,MUSIC,MUSIC,,,,,,,,,,,,,,
c6e77428-ed2a-4b5c-951e-2997b3039dd3,Business New Books,BUS-NEWBOOK,SU,GSB,BUSINESS,New books shelf,true,BUS-IDESK,BUS-IDESK,,,,,,,,,,,,,,
c751516d-6ea6-4fe5-a366-a009ebe62f18,Art Stacks,ART-STACKS,SU,SUL,ART,Stacks,true,ART,ART,,https://stanford.stackmap.com/json/ ,,,,,,,,,,,,
c796f782-db95-40f9-85b4-2e9158fae035,Green Locked Stacks,GRE-LOCKED-STK,SU,SUL,GREEN,Locked stacks: Ask at circulation desk,true,GREEN-LOAN,GREEN-LOAN,,https://stanford.stackmap.com/json/,,,,,,,,,,,,
c7da912a-eb33-4f59-910f-737f955b8462,Green HAS Atlas,GRE-HAS-ATLAS,SU,SUL,GREEN,Lane Reading Room: Atlases,true,GREEN-LOAN,GREEN-LOAN,,https://stanford.stackmap.com/json/,,,,,,,,,,,,
c8041d48-9bcc-4498-a613-c752affa0dce,Green Folios,GRE-FOLIO,SU,SUL,GREEN,Folios,true,GREEN-LOAN,GREEN-LOAN,,https://stanford.stackmap.com/json/,,,,,,,,,,,,
c92f9997-d125-4275-9c9a-c933839aa440,Lane Offsite: Mediated,LANE-SAL3X,SU,MED,LANE,Medical History Center: By appointment only.,true,SAL3,SAL3,,,,,LANE-DESK,https://lane.stanford.edu/med-history/contact.html,,Offsite,,,,,,SAL3
c9a7840d-3523-4d66-a5e1-7c757036ca82,Eng Shelved Elsewhere,ENG-SEE-OTHER,SU,SUL,ENG,See linked record to request items bound together,true,ENG,ENG,,,,,,,,,,,,,,
c9b57e4b-9c81-4336-bc41-6fc39c6dc77d,Spec MSS 10,SPEC-MSS-10,SU,SUL,SPEC-COLL,Manuscript Collection,true,SPEC,SPEC,,,SPECUA,,,,,,,,,,,
c9b612e0-a9eb-437a-9946-abf092e0b231,Green Hohbach Foyer,GRE-HH-FOYER,SU,SUL,GREEN,Hohbach Hall: Foyer bookshelf,true,GREEN-LOAN,GREEN-LOAN,,https://stanford.stackmap.com/json/,,,,,,,,,,,,
c9cef3c6-5874-4bae-b90b-2e1d1f4674db,HILA Stacks,HILA-STACKS,SU,HOOVER,HILA,Stacks,true,HILA,HILA,,,,,,,,,,,,,,
ca2f8482-649a-4f51-8733-f6f53f477829,Classics migration error,CLA-MIGRATE-ERR,SU,SUL,CLASSICS,Error during migration,true,CLASSICS,CLASSICS,,,,,,,,,,,,,,
cacd4964-c133-4199-b53b-99852a7c5e95,HILA Microforms,HILA-MICROFORMS,SU,HOOVER,HILA,Microforms,true,HILA,HILA,,,,,,,,,,,,,,
cb0275a1-ac7a-4d3b-843a-62e77952f5d2,Green British Docs,GRE-BRIT-DOCS,SU,SUL,GREEN,British Government Documents,true,GREEN-LOAN,GREEN-LOAN,,https://stanford.stackmap.com/json/,,,,,,,,British,,,,
cbff46a6-58f9-4288-bc03-72aecca76469,Media Microfiche ,MEDIA-CDCAB,SU,SUL,MEDIA-CENTER,Ask at Media Center desk,true,MEDIA-CENTER,MEDIA-CENTER,,https://stanford.stackmap.com/json/,,,,,,,,,,,,
ccd4c66e-50b2-4bb4-9357-54f6fc636957,Marine Bio Locked Media,MAR-LOCKED-MEDIA,SU,SUL,MARINE-BIO,Locked media: Ask at circulation desk,true,MARINE-BIO,MARINE-BIO,,,,,,,,,,,,,,
cce71c94-d86d-409b-8971-2c0f3279d4c2,Lane Component,LANE-COMP,SU,MED,LANE,Click Component of: link(s) for access options,true,LANE-DESK,LANE-DESK,,,,,,,,,,,,,,
cd60baf4-e54a-4525-b27a-ebd4ab2debe8,SAL Page to Green,SAL-PAGE-GR,SU,SUL,SAL,For use in Green Library,true,SAL,SAL,,,,,GREEN-LOAN,,GREEN,Offsite,,,,,,
cd8b738b-2145-40b7-ae4e-99dff34f4b8c,Tanner Lewis Collection,TAN-LEWIS-COLL,SU,SUL,TANNER,Lewis Collection,true,TANNER,TANNER,,,,,,,,,,,,,,
cdbf5cfd-abaf-4453-a714-47d90c36fed4,SAL ND Page to East-Asia,SAL-ND-PAGE-EA,SU,SUL,SAL,NDC collection: Request for pickup at East Asia Library,true,SAL,SAL,,,,,EAST-ASIA,,EAST-ASIA,Offsite,,,"book,periodical",EAL-SCANREVIEW,,
cde9084b-ce78-4925-9901-f67add496d11,SUL Staff Shadow,SUL-STAFFSHADOW,SU,SUL,SUL,Ask at Green circulation desk,true,SULTS,SULTS,,,,,,,,,,,,,,
ce240b25-6a4e-4711-90d7-bfc141c31ebd,Lane Spec: LC Oversize,LANE-SPLCO,SU,MED,LANE,Medical History Center: By appointment only.,true,LANE-DESK,LANE-DESK,,,,,,https://lane.stanford.edu/med-history/contact.html,,,,,,,,
ce250ebb-807f-460a-9afa-b2087645e4a8,Lane Digital: Document,LANE-EDOC,SU,MED,LANE,Digital: Document,true,LANE-DESK,LANE-DESK,,,,,,,,,,,,,Electronic,
ce548ce1-826a-4670-8857-7fda4da460dc,Spec Sal Felton,SPEC-SAL-FELTON,SU,SUL,SPEC-COLL,Felton Collection,true,SPEC,SPEC,,,,,,,,,,,,,,
cf5e8fa4-733a-425b-900e-02d2e6a7f757,Rumsey W7 Box Large HM,RUM-W7-BOX-LG-HM,SU,SUL,RUMSEY-MAP,Map Center (W7 historic large box),true,RUMSEY-MAP,RUMSEY-MAP,,,RUMSEY,,,,,,,,,,,
cfe97d28-bd5c-48ce-a2d9-00c1ef96cf49,Earth Sci Circ Desk,EAR-ATCIRCDESK,SU,SUL,EARTH-SCI,Ask at circulation desk,true,EARTH-SCI,EARTH-SCI,,,,,,,,,,,,,,
d0f283b6-2658-41cb-9ef1-f010814fc330,Music PAGE-LP,MUS-PAGE-LP,SU,SUL,MUSIC,Ask at circulation desk,true,MUSIC,MUSIC,,,,,,,,,,,,,,
d167b3cc-2f10-47de-ac16-bdc6b4f819dc,East Asia Inprocess,EAL-INPROCESS,SU,SUL,EAST-ASIA,In process,true,EAST-ASIA,EAST-ASIA,,,,,,,,In_process,,,,,,
d182d39e-7546-4724-89bc-0de3d050e773,Education Exhibit,EDU-EXHIBIT,SU,SUL,EDUCATION,Exhibit,true,EDUCATION,EDUCATION,,,,,,,,,,,,,,
d19c1357-f352-464a-b75b-ca40e10eb1a8,Green Maintenance Shelf,GRE-PROCESSING,SU,SUL,GREEN,In process,true,GREEN-LOAN,GREEN-LOAN,,,,,,,,,,,,,,
d1b67df6-bf61-4f61-8921-7b354f6b67a6,Law Circ Desk,LAW-ATCIRCDESK,SU,LAW,LAW,Ask at circulation desk,true,LAW,LAW,,,,,,,,,,,,,,
d25d2cce-aa51-4dcf-bbb9-872d55b2a758,Spec Sal Frecot,SPEC-SAL-FRECOT,SU,SUL,SPEC-COLL,Frecot Collection,true,SPEC,SPEC,,,,,,,,,,,,,,
d2b182aa-d621-4044-b452-fef01a11a9b0,Art Locked Stacks Oversize Restricted,ART-LOCKED-OVERSIZE-R,SU,SUL,ART,Locked stacks (Oversize),true,ART,ART,,,,ART,ART,,,,,,,,,
d318e7c3-16ea-4618-8654-185829fffc7f,Green Instructor,GRE-INSTRUCTOR,SU,SUL,GREEN,On reserve: Ask at circulation desk,true,GREEN-LOAN,GREEN-LOAN,,,,,,,,,,,,,,
d31f5e9f-3660-46e2-b03f-248c78913938,Business Career Collection,BUS-CAREER,SU,GSB,BUSINESS,Career Corner,true,BUS-IDESK,BUS-IDESK,,,,,,,,,,,,,,
d3640ef6-7198-45fd-84ec-d3db9ed16ac6,Lane Spec: Old Class Oversize,LANE-SPOO1,SU,MED,LANE,Medical History Center: By appointment only.,true,LANE-DESK,LANE-DESK,,,,,,https://lane.stanford.edu/med-history/contact.html,,,,,,,,
d3791f62-cc0f-4c6c-a00b-2e39aef0e7f3,Rumsey Scanning Lab,RUM-SCANLAB,SU,SUL,RUMSEY-MAP,In process,true,RUMSEY-MAP,RUMSEY-MAP,,,RUMSEY,,,,,In_process,,,,,,
d38e7d81-f22d-41ee-8e1b-d73a22a4f23b,Art New Books,ART-NEWBOOK,SU,SUL,ART,New books,true,ART,ART,,,,,,,,,,,,,,
d390c800-9839-4726-8fab-25de8be48ce3,Business Archives,BUS-ARCH,SU,GSB,BUSINESS,Archives: Ask at i-Desk,true,BUS-IDESK,BUS-IDESK,,,,,,,,,,,,,,
d3985088-5ff3-44e5-88c2-4b32a8927499,Science Shelved Elsewhere,SCI-SEE-OTHER,SU,SUL,SCIENCE,See linked record to request items bound together,true,SCIENCE,SCIENCE,,,,,,,,,,,,,,
d3bf7d1b-53ce-4075-9d5e-7bd2f27e014e,Art Locked Stacks Oversize,ART-LOCKED-OVERSIZE,SU,SUL,ART,Locked stacks (Oversize),true,ART,ART,,,,ART,ART,,,,,,,,,
d3c5969d-2a59-40ff-9afa-4877581280d6,Education PAGE-ED,EDU-PAGE-ED,SU,SUL,EDUCATION,Ask at circulation desk,true,EDUCATION,EDUCATION,,,,,,,,,,,,,,
d42efd7a-722a-4cf5-bf11-36119e4ccb1f,Rumsey Center Case Small,RUM-C-CASE-SM,SU,SUL,RUMSEY-MAP,Map Center (small case),true,RUMSEY-MAP,RUMSEY-MAP,,,RUMSEY,,,,,,,,,,,
d444c783-1064-44e0-b930-cea6615a44d8,Rumsey W7 Stacks Medium,RUM-W7-STK-MD,SU,SUL,RUMSEY-MAP,Map Center (W7 medium stacks),true,RUMSEY-MAP,RUMSEY-MAP,,,RUMSEY,,,,,,,,,,,
d4d319ae-6310-419f-8f90-1b03f952aa44,Spec Shelved Elsewhere,SPEC-SEE-OTHER,SU,SUL,SPEC-COLL,See linked record to request items bound together,true,SPEC,SPEC,,,SPECUA,,,,,,,,,,,
d50c3151-3532-4e6d-a1d3-7a8fe6cf4fdc,Lane Spec: Display,LANE-WKSTD,SU,MED,LANE,Medical History Center: By appointment only.,true,LANE-DESK,LANE-DESK,,,,,,https://lane.stanford.edu/med-history/contact.html,,,,,,,,
d59b21e4-a2c9-48ed-916c-edf91ab49741,Media Withdrawn,MEDIA-WITHDRAWN,SU,SUL,MEDIA-CENTER,Ask at Media Center desk,true,MEDIA-CENTER,MEDIA-CENTER,,,,,,,,,,,,,,
d5fd6401-4df7-4d59-9ed8-73716f079899,SAL EAL Sets,SAL-EAL-SETS,SU,SUL,SAL,East Asia Big Sets,true,SAL,SAL,,,,,,,GREEN,Offsite,,,,,,
d6349eca-00c6-4d97-ace1-21338c1cc691,Science Shelved by Title,SCI-SHELBYTITLE,SU,SUL,SCIENCE,Serials,true,SCIENCE,SCIENCE,,,,,,,,,,,,,,
d73b9dcf-c18a-45f2-ac08-a61aca9b5b26,Green migration error,GRE-MIGRATE-ERR,SU,SUL,GREEN,Error during migration,true,GREEN-LOAN,GREEN-LOAN,,,,,,,,,,,,,,
d7dbee55-c788-4dd3-806e-8028ccaf01a4,Law Reserves,LAW-CRES,SU,LAW,LAW,On reserve: Law Teaming room,true,LAW,LAW,,,,,,,,,true,,,,,
d8dcbee8-4a1a-4ae2-b650-1f06170c8a69,Spec Sal Robinson,SPEC-SAL-ROBINSON,SU,SUL,SPEC-COLL,Robinson Collection,true,SPEC,SPEC,,,,,,,,,,,,,,
d92f0bbd-15ac-48c3-b682-dce149ef3d39,Earth Sci migration error,EAR-MIGRATE-ERR,SU,SUL,EARTH-SCI,Error during migration,true,EARTH-SCI,EARTH-SCI,,,,,,,,,,,,,,
d96a9c7d-3c6e-49b9-9c15-d3a2338004cc,SAL3 PAGE-RM,SAL3-PAGE-RM,SU,SUL,SAL3,For use in David Rumsey Map Center,true,SAL3,SAL3,,,,,RUMSEY-MAP,,,Offsite,,,,,,
d9a0481b-ebc2-4b62-b4b5-7bda2ee5949b,Lane Spec: Instruments,LANE-INSTR,SU,MED,LANE,Medical History Center: By appointment only.,true,LANE-DESK,LANE-DESK,,,,,,https://lane.stanford.edu/med-history/contact.html,,,,,,,,
d9bf0acc-de94-4c68-a694-2d1328cab917,Tanner Reference Desk,TAN-REF-DESK,SU,SUL,TANNER,Ask at reference desk,true,TANNER,TANNER,,,,,,,,,,,,,,
da51158d-38f5-44c7-a82c-605906d2748b,Media Reserves,MEDIA-CRES,SU,SUL,MEDIA-CENTER,On reserve: Ask at Media Center desk,true,MEDIA-CENTER,MEDIA-CENTER,,https://stanford.stackmap.com/json/,,,,,,,true,,,,,
db2ac904-14ae-4c47-8f12-3ad59f164ef2,Spec Withdrawn,SPEC-WITHDRAWN,SU,SUL,SPEC-COLL,Withdrawn,true,SPEC,SPEC,,,SPECUA,,,,,,,,,,,
dbc775db-ff3a-4b6e-bd92-7e0060d86bd3,HILA Reference,HILA-REF,SU,HOOVER,HILA,Reference,true,HILA,HILA,,,,,,,,,,,,,,
dbe976e6-93dc-4a43-9817-eee3996c8ef3,Science Shadowed,SCI-SHADOW,SU,SUL,SCIENCE,Ask at circulation desk,true,SCIENCE,SCIENCE,,,,,,,,,,,,,,
dbf198d7-2692-4aca-9b83-30e72d139655,Media PAGE-MD,MEDIA-PAGE-MD,SU,SUL,MEDIA-CENTER,For use in the Media Center ,true,MEDIA-CENTER,MEDIA-CENTER,,,,,,,,,,,,,,
dd418045-6405-4227-b594-837ae4bacaf9,Green International Docs,GRE-INTL-DOCS,SU,SUL,GREEN,International Government Documents,true,GREEN-LOAN,GREEN-LOAN,,https://stanford.stackmap.com/json/,,,,,,,,International,,,,
de18291c-b5a5-4810-bf68-d997823ce618,Spec Sal Newton,SPEC-SAL-NEWTON,SU,SUL,SPEC-COLL,Newton Collection,true,SPEC,SPEC,,,,,,,,,,,,,,
de45d120-8d3e-41ae-bb6c-3e15d684beaf,SUL Cataloging,SUL-CATALOGING,SU,SUL,SUL,In process,true,SULTS,SULTS,,,,,,,,In_process,,,,,,
df22df7e-4781-4354-ba29-f63d8d274886,Classics Withdrawn Digital Substitute,CLA-WD-DIGITAL-SUB,SU,SUL,CLASSICS,Digital substitute,true,CLASSICS,CLASSICS,,,,,,,,,,,,,,
e026e384-ef2e-488a-9629-720756fa3b95,Music Restricted Miniature,MUS-R-MINIATURE,SU,SUL,MUSIC,Miniature (Limited loan),true,MUSIC,MUSIC,,,,,,,,,,,,,,
e0e30813-6c76-4876-8be0-fd9b2a90b7da,Lane Digital: Periodical,LANE-EPER,SU,MED,LANE,Digital: Periodical,true,LANE-DESK,LANE-DESK,,,,,,,,,,,,,Electronic,
e0e5343f-248b-4086-b788-0dea417eee98,SAL3 PAGE-AR,SAL3-PAGE-AR,SU,SUL,SAL3,For use in Art & Architecture Library or Special Collections,true,SAL3,SAL3,,,,,"ART,SPEC",,,Offsite,,,,,,
e183e6ab-dba8-4e1c-b3c5-6cac3b99fbf1,Lane Print Analytic,LANE-PANL,SU,MED,LANE,Click on Series link(s) for access options,true,LANE-DESK,LANE-DESK,,,,,,,,,,,,,,
e18c942a-c05c-4d83-bca9-964d009ed8e4,Green HAS SU History,GRE-HAS-SU,SU,SUL,GREEN,Lane Reading Room: Stanford history,true,GREEN-LOAN,GREEN-LOAN,,https://stanford.stackmap.com/json/,,,,,,,,,,,,
e24f81fb-c8a6-4527-b8df-21c2878e30ec,Media Shadowed,MEDIA-SHADOW,SU,SUL,MEDIA-CENTER,Ask at Media Center desk,true,MEDIA-CENTER,MEDIA-CENTER,,,,,,,,,,,,,,
e2b3b0a5-9b8f-48a4-9d9d-e834209ccbad,SAL Tech Reports,SAL-TECH-REPORTS,SU,SUL,SAL,Technical reports,true,SAL,SAL,,,,,,,GREEN,Offsite,,,,,,
e3056d3c-1b49-40f5-bfe1-80e22c2fe099,HILA Shadowed,HILA-SHADOW,SU,HOOVER,HILA,Ask in reading room,true,HILA,HILA,,,,,,,,,,,,,,
e3257e78-c47f-4c39-9726-1c33e589ff0a,SUL Digital Lab,SUL-DL1LAB,SU,SUL,SUL,In process,true,SULDIGITIZATION,SULDIGITIZATION,,,,,,,,In_process,,,,,,
e39233fe-267b-4c5b-aad9-75c2259ba680,Lane Spec: LC Class,LANE-SPEC,SU,MED,LANE,Medical History Center: By appointment only.,true,LANE-DESK,LANE-DESK,,,,,,https://lane.stanford.edu/med-history/contact.html,,,,,,,,
e442d37e-a68c-479c-be87-86664499b910,Business Media Center,BUS-MEDIA,SU,GSB,BUSINESS,Media center,true,BUS-IDESK,BUS-IDESK,,,,,,,,,,,,,,
e4d612f4-554c-4080-9475-36ed302ce39c,Music Restricted Folio,MUS-R-FOLIO,SU,SUL,MUSIC,Folio (Limited loan),true,MUSIC,MUSIC,,,,,,,,,,,,,,
e548d518-e729-4faa-9417-bbaa8d06f3b1,Rumsey Center Stacks Gems,RUM-C-STK-GEM,SU,SUL,RUMSEY-MAP,Collection Gems,true,RUMSEY-MAP,RUMSEY-MAP,,,RUMSEY,,,,,,,,,,,
e729a64c-fedd-42c5-a8e7-4409b687aabc,HILA Electronic,HILA-ELECTRONIC,SU,HOOVER,HILA,Online resource,true,HILA,HILA,,,,,,,,,,,,,,
e80fb38c-7c31-4be6-8ce8-3922b4a3da57,Spec Shadowed,SPEC-SHADOW,SU,SUL,SPEC-COLL,Ask at Reading Room desk,true,SPEC,SPEC,,,,,,,,,,,,,,
e86e5b57-be4c-4a5a-aa11-c3068073e04f,Earth Sci Storage,EAR-STORAGE,SU,SUL,EARTH-SCI,Ask at circulation desk,true,EARTH-SCI,EARTH-SCI,,,,,,,,,,,,,,
e93f4aad-89d2-4ad5-b1ef-d30d631a4e67,Media Oversize,MEDIA-OVERSIZE,SU,SUL,MEDIA-CENTER,Ask at Media Center desk,true,MEDIA-CENTER,MEDIA-CENTER,,https://stanford.stackmap.com/json/,,,,,,,,,,,,
e99ac505-53ee-4db8-bf82-d9efcae6f5c9,SUL TS Processing,SUL-TS-PROCESSING,SU,SUL,SUL,In process,true,SULTS,SULTS,,,,,,,,In_process,,,,,,
ea2778ab-8099-43c9-8f2c-792643268cbd,SUL TS CC Special Projects,SUL-TS-CC-SPECIALPROJECTS,SU,SUL,SUL,In process,true,SULCC,SULCC,,,,,,,,In_process,,,,,,
ea6ed372-f291-48be-a1b6-2130e83eb029,Media Microfiche Business,MEDIA-BUSCAB,SU,SUL,MEDIA-CENTER,Microfiche collection,true,MEDIA-CENTER,MEDIA-CENTER,,https://stanford.stackmap.com/json/,,,,,,,,,,,,
eb47a6cb-a6d1-47be-aa5a-85b03cdbc6d9,Media Repair Shelf,MEDIA-REPAIR-SHELF,SU,SUL,MEDIA-CENTER,In process,true,MEDIA-CENTER,MEDIA-CENTER,,,,,,,,In_process,,,,,,
ebbc6d10-89c3-425b-8e78-5f4028413b1d,ARS Withdrawn Digital Substitute,ARS-WD-DIGITAL-SUB,SU,SUL,ARS,Digital substitute,true,ARS,ARS,,,,,,,,,,,,,,
ebe3b19f-9b1c-4068-b939-6c445d6ebcc5,East Asia Circ Desk,EAL-ATCIRCDESK,SU,SUL,EAST-ASIA,Ask at circulation desk,true,EAST-ASIA,EAST-ASIA,,https://stanford.stackmap.com/json/,,,,,,,,,,,,
ec0d3f2e-c266-459e-8aaa-a44dea58255d,Music Scores,MUS-SCORES,SU,SUL,MUSIC,Scores,true,MUSIC,MUSIC,,,,,,,,,,,,,,
ec563b8e-b1a7-4851-9c32-1a74b0c831e4,SAL3 Withdrawn,SAL3-WITHDRAWN,SU,SUL,SAL3,Withdrawn,true,SAL3,SAL3,,,,,,,,,,,,,,
eca1afe1-b46e-4a5c-9bf2-bdb062a9d690,HILA SAL3 Stacks,HILA-SAL3-STACKS,SU,HOOVER,HILA,Stacks,true,SAL3,SAL3,,,,,,,,,,,,,,SAL3
ecbb2893-d9d0-42ea-81ca-9c60bfc067d7,Lane Bound/Shelved Elsewhere,LANE-BSW,SU,MED,LANE,Click Related: link for access options,true,LANE-DESK,LANE-DESK,,,,,,,,,,,,,,
ecbd5085-0b02-4542-b790-176327e0668a,SAL Arabic,SAL-ARABIC,SU,SUL,SAL,Temporary shelving for Arabic materials,true,SAL,SAL,,,,,,,GREEN,Offsite,,,,,,
ecc609ab-7204-4a4f-be73-fca050ae9918,Lane Books: Oversize Folio,LANE-FOLIO,SU,MED,LANE,Books: Oversize - Folio (Downstairs),true,LANE-DESK,LANE-DESK,,,,,,,,,,,,,,
ecf8e20b-9135-437c-855b-d24fe92844f2,Eng Science Fiction,ENG-SCIFI,SU,SUL,ENG,Science fiction collection,true,ENG,ENG,,,,,,,,,,,,,,
ee3965d1-d19d-49ef-8493-88bac9929121,Spec Robinson,SPEC-ROBINSON,SU,SUL,SPEC-COLL,Robinson Collection,true,SPEC,SPEC,,,SPECUA,,,,,,,,,,,
ef28be31-ff72-45ce-a4b1-b4b139ec19db,Green Hohbach Reference,GRE-HH-REF,SU,SUL,GREEN,Hohbach Hall: Reference,true,GREEN-LOAN,GREEN-LOAN,,https://stanford.stackmap.com/json/,,,,,,,,,,,,
f05736d2-d3a2-4532-88aa-031a87528863,SUL Shelved Elsewhere,SUL-SEE-OTHER,SU,SUL,SUL,See linked record to request items bound together,true,Online,Online,,,,,,,,,,,,,,
f12eef7a-3da0-4c45-82bf-712bdf795135,Eng Timoshenko Collection,ENG-TIMO-COLL,SU,SUL,ENG,Timoshenko Collection: Ask at circulation desk,true,ENG,ENG,,,,,,,,,,,,,,
f14dbb91-6e8f-4e12-a0d5-248c9dd079b9,Art Folios,ART-FOLIO,SU,SUL,ART,Folios,true,ART,ART,,https://stanford.stackmap.com/json/,,,,,,,,,,,,
f155b1bc-7d19-402a-8412-431988b12cc3,SAL3 PAGE-AS,SAL3-PAGE-AS,SU,SUL,SAL3,For use in Archive of Recorded Sound,true,SAL3,SAL3,,,ARS,,,,,Offsite,,,,,,
f1a2d892-fdfe-48a8-8e9c-c55f3cf85d9c,HILA Preservation,HILA-PRESERVATION,SU,HOOVER,HILA,Preservation,true,HILA,HILA,,,,,,,,,,,,,,
f28779a4-9e65-4eb3-87f0-bbe130a93ed1,Spec MemLibMusic,SPEC-MEMLIBMUS,SU,SUL,SPEC-COLL,Memorial Library of Music,true,SPEC,SPEC,,,SPECUA,,,,,,,,,,,
f2b2e805-cbbf-4234-89d3-664cbf7b3a84,Spec Gunst,SPEC-GUNST,SU,SUL,SPEC-COLL,Gunst Collection,true,SPEC,SPEC,,,SPECUA,,,,,,,,,,,
f2f6b2d3-b75e-4b36-9345-c03153a78d47,Earth Sci PAGE-ES,EAR-PAGE-ES,SU,SUL,EARTH-SCI,Ask at circulation desk,true,EARTH-SCI,EARTH-SCI,,,,,,,,,,,,,,
f328e781-5ae6-44bd-8d22-e9c2f10282dc,Eng Instructor,ENG-INSTRUCTOR,SU,SUL,ENG,On reserve: Ask at circulation desk,true,ENG,ENG,,,,,,,,,,,,,,
f3895c55-735b-45c0-a26b-da81853988a2,Art Withdrawn Digital Substitute,ART-WD-DIGITAL-SUB,SU,SUL,ART,Digital substitute,true,ART,ART,,,,,,,,,,,,,,
f4266876-92ed-46b8-8feb-71c7b09884c2,Green SSRC Stats,GRE-SSRC-STATS,SU,SUL,GREEN,Jonsson Social Sciences Reading Room: Statistics,true,GREEN-LOAN,GREEN-LOAN,,https://stanford.stackmap.com/json/,,,,,,,,,,,,
f46a858c-9f5c-4d10-be4a-05d41c3d5065,Spec Frecot,SPEC-FRECOT,SU,SUL,SPEC-COLL,Frecot Collection,true,SPEC,SPEC,,,SPECUA,,,,,,,,,,,
f48278f9-41ad-4d5f-82d0-258271789969,Art Courtesy Hold Shelf,ART-COURTESY-HOLD,SU,SUL,ART,Ask at circulation desk,true,ART,ART,,https://stanford.stackmap.com/json/,,,,,,,,,,,,
f4b3d41e-7789-4833-8171-d6fe92980275,SUL Withdrawn Digital Substitute,SUL-WD-DIGITAL-SUB,SU,SUL,SUL,Digital substitute,true,SULTS,SULTS,,,,,,,,,,,,,,
f52048e4-a531-4d64-8213-a34ab95d1030,Lane Books: History - LC,LANE-HIST,SU,MED,LANE,Books: History - LC Classification (Downstairs),true,LANE-DESK,LANE-DESK,,,,,,,,,,,,,,
f565b2b6-e15f-472c-ae0b-2f8e47aee704,Education Shelved Elsewhere,EDU-SEE-OTHER,SU,SUL,EDUCATION,See linked records to request items bound together,true,EDUCATION,EDUCATION,,,,,,,,,,,,,,
f6f22ea0-8b88-48ee-a98f-8e41288d3840,Lane Spec: Reference,LANE-SREF,SU,MED,LANE,Medical History Center: By appointment only.,true,LANE-DESK,LANE-DESK,,,,,,https://lane.stanford.edu/med-history/contact.html,,,,,,,,
f775993b-ef37-479f-8634-ea5e40efd6b2,SUL Collection Care,SUL-COLLECTIONCARE,SU,SUL,SUL,In process,true,SULCC,SULCC,,,,,,,,In_process,,,,,,
f7fc8a99-8441-4b6d-a778-8a40308640f0,Rumsey W7 Box Small HM,RUM-W7-BOX-SM-HM,SU,SUL,RUMSEY-MAP,Map Center (W7 historic small box),true,RUMSEY-MAP,RUMSEY-MAP,,,RUMSEY,,,,,,,,,,,
f874cb5c-c5f0-4586-b46b-0891d72f768f,Eng migration error,ENG-MIGRATE-ERR,SU,SUL,ENG,Error during migration,true,ENG,ENG,,,,,,,,,,,,,,
f98861e1-d9b6-4d03-938b-ade14bc191e5,Law Reference,LAW-REF,SU,LAW,LAW,Reference,true,LAW,LAW,,,,,,,,,,,,,,
f9b45b58-ec4c-490a-8808-86206cdf5ac8,SAL3 PAGE-ED,SAL3-PAGE-ED,SU,SUL,SAL3,For use in Cubberley Library,true,SAL3,SAL3,,,,,EDUCATION,,,Offsite,,,,,,
fa5f5ea8-933f-4e11-80b7-aa686efd6e74,Green Tech Processor,GRE-TECH-PROCESSOR,SU,SUL,GREEN,In process,true,GREEN-LOAN,GREEN-LOAN,,,,,,,,,,,,,,
fa8b31ea-a6d8-4d5a-b80f-5fa04cce7f2d,Earth Sci Tech Reports,EAR-TECH-REPORTS,SU,SUL,EARTH-SCI,Technical reports,true,EARTH-SCI,EARTH-SCI,,,,,,,,,,,,,,
fb5a351d-b636-4d91-bea5-2533bdef7cb5,Media Exhibit,MEDIA-EXHIBIT,SU,SUL,MEDIA-CENTER,Media Center exhibit,true,MEDIA-CENTER,MEDIA-CENTER,,https://stanford.stackmap.com/json/,,,,,,,,,,,,
fcaf0f95-d613-4fbd-90c1-350c605909b2,Spec Sal Rare Books,SPEC-SAL-RBC,SU,SUL,SPEC-COLL,Rare Books Collection,true,SPEC,SPEC,,,,,,,,,,,,,,
fcbaa566-1dbd-4d89-8b89-9218106463fa,SAL Shadowed,SAL-SHADOW,SU,SUL,SAL,Withdrawn,true,SAL,SAL,,,,,,,,,,,,,,
fccddeb4-5c62-46fe-af31-cf0ccd39ef5b,Law Withdrawn,LAW-WITHDRAWN,SU,LAW,LAW,Withdrawn,true,LAW,LAW,,,,,,,,,,,,,,
fcf97337-737d-43e5-a8a4-8c24919714c4,Eng Periodicals,ENG-PER,SU,SUL,ENG,Periodicals,true,ENG,ENG,,,,,,,,,,,,,,
fe0474b0-b713-4351-8d7f-2a559fab63cb,Art Media,ART-MEDIA,SU,SUL,ART,Media,true,ART,ART,,,,,,,,,,,,,,
fe14deac-88df-4b83-9296-1dc757c77604,Lane Bound/Shelved w/Parent,LANE-BSP,SU,MED,LANE,Click Parent: link for access options,true,LANE-DESK,LANE-DESK,,,,,,,,,,,,,,
fe8b04ad-9e23-4f6b-95f5-d5c801feef28,Green SSRC Education Ref,GRE-SSRC-EDU,SU,SUL,GREEN,Jonsson Social Sciences Reading Room: Education Reference,true,GREEN-LOAN,GREEN-LOAN,,https://stanford.stackmap.com/json/,,,,,,,,,,,,
fee0619f-c525-4761-8e13-217faf38b0a2,East Asia migration error,EAL-MIGRATE-ERR,SU,SUL,EAST-ASIA,Error during migration,true,EAST-ASIA,EAST-ASIA,,,,,,,,,,,,,,
ff88fc9b-ac0d-41dd-8be8-e76f147576c4,Media Withdrawn Digital Substitute,MEDIA-WD-DIGITAL-SUB,SU,SUL,MEDIA-CENTER,Digital substitute,true,MEDIA-CENTER,MEDIA-CENTER,,,,,,,,,,,,,,
fff717ca-e865-49d8-ada0-6e26883145ca,Spec Staff Shadow,SPEC-STAFFSHADOW,SU,SUL,SPEC-COLL,Ask at Reading Room desk,true,SPEC,SPEC,,,,,,,,,,,,,,
